{
	"seed": 2832449071256631920,
	"deals": 210781057,
	"games": 205802529,
	"bet": 205802529,
	"win": 200321403,
	"category": {
		"A": {
			"cnt": 6955790,
			"sum": 42692608,
			"sqr": 597607232,
			"min": 4,
			"max": 2500,
			"avg": 6.137708010161319,
			"dev": 6.945762533670559,
			"val": 4,
			"cat": "A"
		},
		"J": {
			"cnt": 6954394,
			"sum": 10665508,
			"sqr": 37837256,
			"min": 1,
			"max": 960,
			"avg": 1.533635856697219,
			"dev": 1.757478516644811,
			"val": 1,
			"cat": "J"
		},
		"K": {
			"cnt": 6957082,
			"sum": 32039100,
			"sqr": 323996166,
			"min": 3,
			"max": 1200,
			"avg": 4.605249729699894,
			"dev": 5.036106939094402,
			"val": 3,
			"cat": "K"
		},
		"Q": {
			"cnt": 6960141,
			"sum": 21356202,
			"sqr": 148416316,
			"min": 2,
			"max": 1250,
			"avg": 3.0683576668920933,
			"dev": 3.4509321308260605,
			"val": 2,
			"cat": "Q"
		},
		"bet": {
			"cnt": 205802529,
			"sum": 205802529,
			"sqr": 205802529,
			"min": 1,
			"max": 1,
			"avg": 1,
			"val": 1,
			"cat": "bet"
		},
		"bonus": {
			"cnt": 3480217,
			"sum": 84776400,
			"sqr": 5760117450,
			"min": 15,
			"max": 3000,
			"avg": 24.35951551296945,
			"dev": 32.583998551954906,
			"val": 15,
			"cat": "bonus"
		},
		"free": {
			"cnt": 8791585,
			"sum": 8791585,
			"sqr": 8791585,
			"min": 1,
			"max": 1,
			"avg": 1,
			"val": 1,
			"cat": "free"
		},
		"grand": {
			"cnt": 18288,
			"sum": 5486400,
			"sqr": 1645920000,
			"min": 300,
			"max": 300,
			"avg": 300,
			"val": 300,
			"cat": "grand"
		},
		"jokers": {
			"cnt": 4978528,
			"sum": 0,
			"min": 0,
			"max": 0,
			"avg": 0,
			"nul": 4978528,
			"val": 0,
			"cat": "jokers"
		},
		"major": {
			"cnt": 152343,
			"sum": 13710870,
			"sqr": 1233978300,
			"min": 90,
			"max": 90,
			"avg": 90,
			"val": 90,
			"cat": "major"
		},
		"mega": {
			"cnt": 160,
			"sum": 480000,
			"sqr": 1440000000,
			"min": 3000,
			"max": 3000,
			"avg": 3000,
			"val": 3000,
			"cat": "mega"
		},
		"mini": {
			"cnt": 2278910,
			"sum": 34183650,
			"sqr": 512754750,
			"min": 15,
			"max": 15,
			"avg": 15,
			"val": 15,
			"cat": "mini"
		},
		"minor": {
			"cnt": 1030516,
			"sum": 30915480,
			"sqr": 927464400,
			"min": 30,
			"max": 30,
			"avg": 30,
			"val": 30,
			"cat": "minor"
		},
		"mult": {
			"cnt": 27827407,
			"sum": 42696461,
			"sqr": 148291361,
			"min": 1,
			"max": 960,
			"avg": 1.5343312799500148,
			"dev": 1.7247595507951718,
			"val": 1,
			"cat": "mult"
		},
		"product": {
			"cnt": 5104048,
			"sum": 19973102,
			"sqr": 125568002,
			"min": 2,
			"max": 960,
			"avg": 3.9131885123337398,
			"dev": 3.047721373920685,
			"val": 5,
			"cat": "product"
		},
		"royals": {
			"cnt": 27827407,
			"sum": 106753418,
			"sqr": 1107856970,
			"min": 1,
			"max": 2500,
			"avg": 3.8362689703715476,
			"dev": 5.009467198775518,
			"val": 1,
			"cat": "royals"
		},
		"step": {
			"cnt": 5802529,
			"sum": 0,
			"min": 0,
			"max": 0,
			"avg": 0,
			"nul": 5802529,
			"val": 0,
			"cat": "step"
		},
		"summary": {
			"cnt": 210781057,
			"sum": 200321403,
			"sqr": 6882871301,
			"min": 0,
			"max": 3000,
			"avg": 0.9503766887363128,
			"dev": 5.634794642097213,
			"nul": 171902860,
			"val": 1,
			"cat": "summary"
		},
		"total": {
			"cnt": 38878197,
			"sum": 200321403,
			"sqr": 6882871301,
			"min": 1,
			"max": 3000,
			"avg": 5.1525384008934365,
			"dev": 12.267360787065124,
			"val": 1,
			"cat": "total"
		},
		"walk": {
			"cnt": 3480217,
			"sum": 5802529,
			"sqr": 13547069,
			"min": 1,
			"max": 15,
			"avg": 1.6672894247686278,
			"dev": 1.0548645248566635,
			"val": 1,
			"cat": "walk"
		},
		"width": {
			"cnt": 27827407,
			"sum": 5297025,
			"sqr": 5696681,
			"min": 0,
			"max": 5,
			"avg": 0.1903528057788496,
			"dev": 0.41046384894803123,
			"nul": 22723359,
			"val": 0,
			"cat": "width"
		}
	},
	"level": [
		{
			"cnt": 200000000,
			"sum": 115545003,
			"sqr": 1122753851,
			"min": 0,
			"max": 2500,
			"avg": 0.577725015,
			"dev": 2.2978257249067537,
			"nul": 164602020,
			"val": 1
		},
		{
			"cnt": 3798589,
			"sum": 34183650,
			"sqr": 512754750,
			"min": 0,
			"max": 15,
			"avg": 8.999038853637495,
			"dev": 7.348665356055151,
			"nul": 1519679,
			"val": 15
		},
		{
			"cnt": 1585686,
			"sum": 28517790,
			"sqr": 855533700,
			"min": 0,
			"max": 30,
			"avg": 17.98451269671297,
			"dev": 14.700091290980444,
			"nul": 635093,
			"val": 30
		},
		{
			"cnt": 330587,
			"sum": 13859550,
			"sqr": 1128413700,
			"min": 0,
			"max": 90,
			"avg": 41.92406234969917,
			"dev": 40.690745882606514,
			"nul": 132538,
			"val": 90
		},
		{
			"cnt": 69531,
			"sum": 5872290,
			"sqr": 1384834500,
			"min": 0,
			"max": 300,
			"avg": 84.45571040255426,
			"dev": 113.06646492314002,
			"nul": 27694,
			"val": 300
		},
		{
			"cnt": 14387,
			"sum": 1368750,
			"sqr": 303745500,
			"min": 0,
			"max": 300,
			"avg": 95.13797178007924,
			"dev": 109.82378485124737,
			"nul": 5866,
			"val": 300
		},
		{
			"cnt": 2989,
			"sum": 425730,
			"sqr": 116624700,
			"min": 0,
			"max": 300,
			"avg": 142.43225158916024,
			"dev": 136.8613151409729,
			"nul": 1159,
			"val": 90
		},
		{
			"cnt": 634,
			"sum": 413040,
			"sqr": 1093530600,
			"min": 0,
			"max": 3000,
			"avg": 651.4826498422713,
			"dev": 1140.342943538821,
			"nul": 249,
			"val": 3000
		},
		{
			"cnt": 126,
			"sum": 135600,
			"sqr": 364680000,
			"min": 0,
			"max": 3000,
			"avg": 1076.1904761904761,
			"dev": 1317.6113893112151,
			"nul": 34,
			"val": 0
		},
		{
			"cnt": 4978528,
			"sum": 0,
			"min": 0,
			"max": 0,
			"avg": 0,
			"nul": 4978528,
			"val": 0
		}
	],