{
	"seed": 966837189304965487,
	"deals": 1053870441,
	"games": 1028980439,
	"bet": 1028980439,
	"win": 1001326743,
	"category": {
		"A": {
			"cnt": 34775221,
			"sum": 213521140,
			"sqr": 3276012592,
			"min": 4,
			"max": 12500,
			"avg": 6.140036895811532,
			"dev": 7.51700191602872,
			"val": 4,
			"cat": "A"
		},
		"J": {
			"cnt": 34782641,
			"sum": 53379250,
			"sqr": 187975828,
			"min": 1,
			"max": 1200,
			"avg": 1.5346520121919436,
			"dev": 1.7461796119619426,
			"val": 3,
			"cat": "J"
		},
		"K": {
			"cnt": 34783323,
			"sum": 160103238,
			"sqr": 1658279898,
			"min": 3,
			"max": 2700,
			"avg": 4.602873566737715,
			"dev": 5.146661339089635,
			"val": 3,
			"cat": "K"
		},
		"Q": {
			"cnt": 34775990,
			"sum": 106735952,
			"sqr": 747312296,
			"min": 2,
			"max": 2560,
			"avg": 3.0692426585123815,
			"dev": 3.4740562980040774,
			"val": 4,
			"cat": "Q"
		},
		"bet": {
			"cnt": 1028980439,
			"sum": 1028980439,
			"sqr": 1028980439,
			"min": 1,
			"max": 1,
			"avg": 1,
			"val": 1,
			"cat": "bet"
		},
		"bonus": {
			"cnt": 17389329,
			"sum": 423640080,
			"sqr": 29460015000,
			"min": 15,
			"max": 3000,
			"avg": 24.362071705009434,
			"dev": 33.1757855938625,
			"val": 30,
			"cat": "bonus"
		},
		"free": {
			"cnt": 43947083,
			"sum": 43947083,
			"sqr": 43947083,
			"min": 1,
			"max": 1,
			"avg": 1,
			"val": 1,
			"cat": "free"
		},
		"grand": {
			"cnt": 90468,
			"sum": 27140400,
			"sqr": 8142120000,
			"min": 300,
			"max": 300,
			"avg": 300,
			"val": 300,
			"cat": "grand"
		},
		"jokers": {
			"cnt": 24890002,
			"sum": 0,
			"min": 0,
			"max": 0,
			"avg": 0,
			"nul": 24890002,
			"val": 0,
			"cat": "jokers"
		},
		"major": {
			"cnt": 762601,
			"sum": 68634090,
			"sqr": 6177068100,
			"min": 90,
			"max": 90,
			"avg": 90,
			"val": 90,
			"cat": "major"
		},
		"mega": {
			"cnt": 883,
			"sum": 2649000,
			"sqr": 7947000000,
			"min": 3000,
			"max": 3000,
			"avg": 3000,
			"val": 3000,
			"cat": "mega"
		},
		"mini": {
			"cnt": 11389648,
			"sum": 170844720,
			"sqr": 2562670800,
			"min": 15,
			"max": 15,
			"avg": 15,
			"val": 15,
			"cat": "mini"
		},
		"minor": {
			"cnt": 5145729,
			"sum": 154371870,
			"sqr": 4631156100,
			"min": 30,
			"max": 30,
			"avg": 30,
			"val": 30,
			"cat": "minor"
		},
		"mult": {
			"cnt": 139117175,
			"sum": 213495257,
			"sqr": 763808011,
			"min": 1,
			"max": 3125,
			"avg": 1.5346434183989144,
			"dev": 1.7706673650487963,
			"val": 3,
			"cat": "mult"
		},
		"product": {
			"cnt": 25521235,
			"sum": 99899317,
			"sqr": 650212071,
			"min": 2,
			"max": 3125,
			"avg": 3.914360609899952,
			"dev": 3.1867032353408606,
			"val": 3,
			"cat": "product"
		},
		"royals": {
			"cnt": 139117175,
			"sum": 533739580,
			"sqr": 5869580614,
			"min": 1,
			"max": 12500,
			"avg": 3.836618879013321,
			"dev": 5.24137265423859,
			"val": 3,
			"cat": "royals"
		},
		"step": {
			"cnt": 28980439,
			"sum": 0,
			"min": 0,
			"max": 0,
			"avg": 0,
			"nul": 28980439,
			"val": 0,
			"cat": "step"
		},
		"summary": {
			"cnt": 1053870441,
			"sum": 1001326743,
			"sqr": 35404088563,
			"min": 0,
			"max": 12500,
			"avg": 0.9501421655301935,
			"dev": 5.717654779482936,
			"nul": 859526043,
			"val": 0,
			"cat": "summary"
		},
		"total": {
			"cnt": 194344398,
			"sum": 1001326743,
			"sqr": 35404088563,
			"min": 1,
			"max": 12500,
			"avg": 5.152331393673617,
			"dev": 12.474990295866805,
			"val": 3,
			"cat": "total"
		},
		"walk": {
			"cnt": 17389329,
			"sum": 28980439,
			"sqr": 67619569,
			"min": 1,
			"max": 18,
			"avg": 1.666564535066304,
			"dev": 1.0541012954683675,
			"val": 2,
			"cat": "walk"
		},
		"width": {
			"cnt": 139117175,
			"sum": 26487188,
			"sqr": 28488642,
			"min": 0,
			"max": 5,
			"avg": 0.1903948092677989,
			"dev": 0.41052581846727865,
			"nul": 113595940,
			"val": 1,
			"cat": "width"
		}
	},
	"level": [
		{
			"cnt": 1000000000,
			"sum": 577686663,
			"sqr": 5944073563,
			"min": 0,
			"max": 12500,
			"avg": 0.577686663,
			"dev": 2.368618095513062,
			"nul": 823044931,
			"val": 0
		},
		{
			"cnt": 18976058,
			"sum": 170844720,
			"sqr": 2562670800,
			"min": 0,
			"max": 15,
			"avg": 9.003172313238082,
			"dev": 7.347820969288411,
			"nul": 7586410,
			"val": 0
		},
		{
			"cnt": 7916674,
			"sum": 142378980,
			"sqr": 4271369400,
			"min": 0,
			"max": 30,
			"avg": 17.98469660364946,
			"dev": 14.700053951743286,
			"nul": 3170708,
			"val": 30
		},
		{
			"cnt": 1652407,
			"sum": 69406230,
			"sqr": 5651570700,
			"min": 0,
			"max": 90,
			"avg": 42.00310819307834,
			"dev": 40.69329075099881,
			"nul": 660860,
			"val": 90
		},
		{
			"cnt": 345104,
			"sum": 29118990,
			"sqr": 6859064700,
			"min": 0,
			"max": 300,
			"avg": 84.37743404886643,
			"dev": 112.94159627136641,
			"nul": 137008,
			"val": 0
		},
		{
			"cnt": 71419,
			"sum": 6814920,
			"sqr": 1510021800,
			"min": 0,
			"max": 300,
			"avg": 95.42166650331144,
			"dev": 109.7171087035828,
			"nul": 28908,
			"val": 0
		},
		{
			"cnt": 14992,
			"sum": 2099250,
			"sqr": 571846500,
			"min": 0,
			"max": 300,
			"avg": 140.02467982924227,
			"dev": 136.14893392314423,
			"nul": 5849,
			"val": 90
		},
		{
			"cnt": 3154,
			"sum": 2158590,
			"sqr": 5771051100,
			"min": 0,
			"max": 3000,
			"avg": 684.3975903614457,
			"dev": 1166.7716797379233,
			"nul": 1223,
			"val": 3000
		},
		{
			"cnt": 631,
			"sum": 818400,
			"sqr": 2262420000,
			"min": 0,
			"max": 3000,
			"avg": 1296.9889064976228,
			"dev": 1379.5910410144947,
			"nul": 144,
			"val": 300
		},
		{
			"cnt": 24890002,
			"sum": 0,
			"min": 0,
			"max": 0,
			"avg": 0,
			"nul": 24890002,
			"val": 0
		}
	],