{
	"seed": -5773717863597645862,
	"deals": 102459430,
	"games": 101773591,
	"bet": 101773591,
	"win": 99528244,
	"category": {
		"A": {
			"cnt": 4255248,
			"sum": 27518388,
			"sqr": 482436368,
			"min": 4,
			"max": 3840,
			"avg": 6.466929307058014,
			"dev": 8.458916445868589,
			"val": 4,
			"cat": "A"
		},
		"J": {
			"cnt": 4255056,
			"sum": 6875965,
			"sqr": 30828497,
			"min": 1,
			"max": 1125,
			"avg": 1.6159517054534653,
			"dev": 2.1526367367483576,
			"val": 1,
			"cat": "J"
		},
		"K": {
			"cnt": 4254642,
			"sum": 20602914,
			"sqr": 262691406,
			"min": 3,
			"max": 3375,
			"avg": 4.842455369923016,
			"dev": 6.188128267365835,
			"val": 3,
			"cat": "K"
		},
		"Q": {
			"cnt": 4254364,
			"sum": 13745416,
			"sqr": 129671952,
			"min": 2,
			"max": 3750,
			"avg": 3.230897967357753,
			"dev": 4.476722967668928,
			"val": 2,
			"cat": "Q"
		},
		"bet": {
			"cnt": 101773591,
			"sum": 101773591,
			"sqr": 101773591,
			"min": 1,
			"max": 1,
			"avg": 1,
			"val": 1,
			"cat": "bet"
		},
		"bonus": {
			"cnt": 1063821,
			"sum": 26001660,
			"sqr": 1879361550,
			"min": 15,
			"max": 3000,
			"avg": 24.441762288956507,
			"dev": 34.193781678040445,
			"val": 15,
			"cat": "bonus"
		},
		"free": {
			"cnt": 4783901,
			"sum": 4783901,
			"sqr": 4783901,
			"min": 1,
			"max": 1,
			"avg": 1,
			"val": 1,
			"cat": "free"
		},
		"grand": {
			"cnt": 5653,
			"sum": 1695900,
			"sqr": 508770000,
			"min": 300,
			"max": 300,
			"avg": 300,
			"val": 300,
			"cat": "grand"
		},
		"jokers": {
			"cnt": 685839,
			"sum": 0,
			"min": 0,
			"max": 0,
			"avg": 0,
			"nul": 685839,
			"val": 0,
			"cat": "jokers"
		},
		"major": {
			"cnt": 47159,
			"sum": 4244310,
			"sqr": 381987900,
			"min": 90,
			"max": 90,
			"avg": 90,
			"val": 90,
			"cat": "major"
		},
		"mega": {
			"cnt": 61,
			"sum": 183000,
			"sqr": 549000000,
			"min": 3000,
			"max": 3000,
			"avg": 3000,
			"val": 3000,
			"cat": "mega"
		},
		"mini": {
			"cnt": 696666,
			"sum": 10449990,
			"sqr": 156749850,
			"min": 15,
			"max": 15,
			"avg": 15,
			"val": 15,
			"cat": "mini"
		},
		"minor": {
			"cnt": 314282,
			"sum": 9428460,
			"sqr": 282853800,
			"min": 30,
			"max": 30,
			"avg": 30,
			"val": 30,
			"cat": "minor"
		},
		"mult": {
			"cnt": 17019310,
			"sum": 27495908,
			"sqr": 122586692,
			"min": 1,
			"max": 1875,
			"avg": 1.6155712540637663,
			"dev": 2.1430655313331184,
			"val": 1,
			"cat": "mult"
		},
		"product": {
			"cnt": 3453458,
			"sum": 13930056,
			"sqr": 109020840,
			"min": 2,
			"max": 1875,
			"avg": 4.03365438351936,
			"dev": 3.911295691755775,
			"val": 3,
			"cat": "product"
		},
		"royals": {
			"cnt": 17019310,
			"sum": 68742683,
			"sqr": 905628223,
			"min": 1,
			"max": 3840,
			"avg": 4.039099293684644,
			"dev": 6.074329835961239,
			"val": 1,
			"cat": "royals"
		},
		"step": {
			"cnt": 1773591,
			"sum": 0,
			"min": 0,
			"max": 0,
			"avg": 0,
			"nul": 1773591,
			"val": 0,
			"cat": "step"
		},
		"summary": {
			"cnt": 102459430,
			"sum": 99528244,
			"sqr": 2793841102,
			"min": 0,
			"max": 3840,
			"avg": 0.9713917401258234,
			"dev": 5.130709226624008,
			"nul": 80405427,
			"val": 0,
			"cat": "summary"
		},
		"total": {
			"cnt": 22054003,
			"sum": 99528244,
			"sqr": 2793841102,
			"min": 1,
			"max": 3840,
			"avg": 4.512933275650683,
			"dev": 10.310928525990589,
			"val": 1,
			"cat": "total"
		},
		"walk": {
			"cnt": 1063821,
			"sum": 1773591,
			"sqr": 4141885,
			"min": 1,
			"max": 18,
			"avg": 1.6671893109837088,
			"dev": 1.0554069645682647,
			"val": 3,
			"cat": "walk"
		},
		"width": {
			"cnt": 17019310,
			"sum": 3617436,
			"sqr": 3959902,
			"min": 0,
			"max": 5,
			"avg": 0.21254892237111844,
			"dev": 0.4330058664024668,
			"nul": 13565852,
			"val": 0,
			"cat": "width"
		}
	},
	"level": [
		{
			"cnt": 100000000,
			"sum": 73526584,
			"sqr": 914479552,
			"min": 0,
			"max": 3840,
			"avg": 0.73526584,
			"dev": 2.9332882000459986,
			"nul": 79009818,
			"val": 0
		},
		{
			"cnt": 1160516,
			"sum": 10449990,
			"sqr": 156749850,
			"min": 0,
			"max": 15,
			"avg": 9.004606571559547,
			"dev": 7.347527411641268,
			"nul": 463850,
			"val": 15
		},
		{
			"cnt": 484167,
			"sum": 8690670,
			"sqr": 260720100,
			"min": 0,
			"max": 30,
			"avg": 17.949736351300274,
			"dev": 14.707109010876943,
			"nul": 194478,
			"val": 0
		},
		{
			"cnt": 101988,
			"sum": 4292760,
			"sqr": 349777800,
			"min": 0,
			"max": 90,
			"avg": 42.090834215790096,
			"dev": 40.71804605744838,
			"nul": 40746,
			"val": 0
		},
		{
			"cnt": 21299,
			"sum": 1809870,
			"sqr": 427981500,
			"min": 0,
			"max": 300,
			"avg": 84.97441194422274,
			"dev": 113.46065777481432,
			"nul": 8442,
			"val": 30
		},
		{
			"cnt": 4427,
			"sum": 426720,
			"sqr": 94789800,
			"min": 0,
			"max": 300,
			"avg": 96.39033205330924,
			"dev": 110.09382357838632,
			"nul": 1774,
			"val": 90
		},
		{
			"cnt": 949,
			"sum": 130260,
			"sqr": 35600400,
			"min": 0,
			"max": 300,
			"avg": 137.26027397260273,
			"dev": 136.64995589104683,
			"nul": 386,
			"val": 300
		},
		{
			"cnt": 207,
			"sum": 158190,
			"sqr": 435482100,
			"min": 0,
			"max": 3000,
			"avg": 764.2028985507246,
			"dev": 1232.790408267454,
			"nul": 83,
			"val": 300
		},
		{
			"cnt": 38,
			"sum": 43200,
			"sqr": 118260000,
			"min": 0,
			"max": 3000,
			"avg": 1136.842105263158,
			"dev": 1348.9608188745608,
			"nul": 11,
			"val": 300
		},
		{
			"cnt": 685839,
			"sum": 0,
			"min": 0,
			"max": 0,
			"avg": 0,
			"nul": 685839,
			"val": 0
		}
	],