{
	"seed": -7786841342107338852,
	"deals": 1025065091,
	"games": 1017539186,
	"bet": 1017539186,
	"win": 981768976,
	"category": {
		"A": {
			"cnt": 42102954,
			"sum": 271103692,
			"sqr": 4594728688,
			"min": 4,
			"max": 7500,
			"avg": 6.439065819467204,
			"dev": 8.226130482674918,
			"val": 4,
			"cat": "A"
		},
		"J": {
			"cnt": 42093853,
			"sum": 67737415,
			"sqr": 275903669,
			"min": 1,
			"max": 900,
			"avg": 1.6091996852842148,
			"dev": 1.9912219164677873,
			"val": 3,
			"cat": "J"
		},
		"K": {
			"cnt": 42113449,
			"sum": 203393328,
			"sqr": 2566497546,
			"min": 3,
			"max": 4500,
			"avg": 4.82965258912895,
			"dev": 6.133263774855348,
			"val": 12,
			"cat": "K"
		},
		"Q": {
			"cnt": 42111178,
			"sum": 135588918,
			"sqr": 1150868852,
			"min": 2,
			"max": 3750,
			"avg": 3.219784495223572,
			"dev": 4.1185293355914405,
			"val": 2,
			"cat": "Q"
		},
		"bet": {
			"cnt": 1017539186,
			"sum": 1017539186,
			"sqr": 1017539186,
			"min": 1,
			"max": 1,
			"avg": 1,
			"val": 1,
			"cat": "bet"
		},
		"bonus": {
			"cnt": 10522696,
			"sum": 256410945,
			"sqr": 17783056125,
			"min": 15,
			"max": 3000,
			"avg": 24.367419243129326,
			"dev": 33.10891660409414,
			"val": 30,
			"cat": "bonus"
		},
		"free": {
			"cnt": 47534678,
			"sum": 47534678,
			"sqr": 47534678,
			"min": 1,
			"max": 1,
			"avg": 1,
			"val": 1,
			"cat": "free"
		},
		"grand": {
			"cnt": 54453,
			"sum": 16335900,
			"sqr": 4900770000,
			"min": 300,
			"max": 300,
			"avg": 300,
			"val": 300,
			"cat": "grand"
		},
		"jokers": {
			"cnt": 7525905,
			"sum": 0,
			"min": 0,
			"max": 0,
			"avg": 0,
			"nul": 7525905,
			"val": 0,
			"cat": "jokers"
		},
		"major": {
			"cnt": 462681,
			"sum": 41641290,
			"sqr": 3747716100,
			"min": 90,
			"max": 90,
			"avg": 90,
			"val": 90,
			"cat": "major"
		},
		"mega": {
			"cnt": 531,
			"sum": 1593000,
			"sqr": 4779000000,
			"min": 3000,
			"max": 3000,
			"avg": 3000,
			"val": 3000,
			"cat": "mega"
		},
		"mini": {
			"cnt": 6887345,
			"sum": 103310175,
			"sqr": 1549652625,
			"min": 15,
			"max": 15,
			"avg": 15,
			"val": 15,
			"cat": "mini"
		},
		"minor": {
			"cnt": 3117686,
			"sum": 93530580,
			"sqr": 2805917400,
			"min": 30,
			"max": 30,
			"avg": 30,
			"val": 30,
			"cat": "minor"
		},
		"mult": {
			"cnt": 168421434,
			"sum": 271105573,
			"sqr": 1135957819,
			"min": 1,
			"max": 1875,
			"avg": 1.609685694755455,
			"dev": 2.038049617110552,
			"val": 3,
			"cat": "mult"
		},
		"product": {
			"cnt": 33923333,
			"sum": 136607472,
			"sqr": 1001459718,
			"min": 2,
			"max": 1875,
			"avg": 4.026947234223712,
			"dev": 3.6475966621538807,
			"val": 3,
			"cat": "product"
		},
		"royals": {
			"cnt": 168421434,
			"sum": 677823353,
			"sqr": 8587998755,
			"min": 1,
			"max": 7500,
			"avg": 4.024567045308497,
			"dev": 5.89864283056669,
			"val": 3,
			"cat": "royals"
		},
		"step": {
			"cnt": 17539186,
			"sum": 0,
			"min": 0,
			"max": 0,
			"avg": 0,
			"nul": 17539186,
			"val": 0,
			"cat": "step"
		},
		"summary": {
			"cnt": 1025065091,
			"sum": 981768976,
			"sqr": 26458636600,
			"min": 0,
			"max": 7500,
			"avg": 0.9577625700259068,
			"dev": 4.989424388704639,
			"nul": 806595390,
			"val": 0,
			"cat": "summary"
		},
		"total": {
			"cnt": 218469701,
			"sum": 981768976,
			"sqr": 26458636600,
			"min": 1,
			"max": 7500,
			"avg": 4.493845011487428,
			"dev": 10.045611446030103,
			"val": 3,
			"cat": "total"
		},
		"walk": {
			"cnt": 10522696,
			"sum": 17539186,
			"sqr": 40924786,
			"min": 1,
			"max": 18,
			"avg": 1.6667958477561264,
			"dev": 1.0540321092249774,
			"val": 2,
			"cat": "walk"
		},
		"width": {
			"cnt": 168421434,
			"sum": 35516590,
			"sqr": 38843966,
			"min": 0,
			"max": 6,
			"avg": 0.21087927561524028,
			"dev": 0.4314689525280731,
			"nul": 134498101,
			"val": 1,
			"cat": "width"
		}
	},
	"level": [
		{
			"cnt": 1000000000,
			"sum": 725358031,
			"sqr": 8675580475,
			"min": 0,
			"max": 7500,
			"avg": 0.725358031,
			"dev": 2.8547217380795282,
			"nul": 792052995,
			"val": 0
		},
		{
			"cnt": 11480092,
			"sum": 103310175,
			"sqr": 1549652625,
			"min": 0,
			"max": 15,
			"avg": 8.999072045764093,
			"dev": 7.34865858518469,
			"nul": 4592747,
			"val": 0
		},
		{
			"cnt": 4793134,
			"sum": 86260560,
			"sqr": 2587816800,
			"min": 0,
			"max": 30,
			"avg": 17.99669276928206,
			"dev": 14.697613154744978,
			"nul": 1917782,
			"val": 30
		},
		{
			"cnt": 1002127,
			"sum": 42102540,
			"sqr": 3427412400,
			"min": 0,
			"max": 90,
			"avg": 42.01317797045684,
			"dev": 40.682067840663855,
			"nul": 400315,
			"val": 30
		},
		{
			"cnt": 208616,
			"sum": 17497830,
			"sqr": 4119644700,
			"min": 0,
			"max": 300,
			"avg": 83.87578133987806,
			"dev": 112.74907740227434,
			"nul": 83654,
			"val": 0
		},
		{
			"cnt": 43722,
			"sum": 4179600,
			"sqr": 921240000,
			"min": 0,
			"max": 300,
			"avg": 95.59489501852615,
			"dev": 109.23376487006972,
			"nul": 17470,
			"val": 0
		},
		{
			"cnt": 9154,
			"sum": 1263870,
			"sqr": 344706300,
			"min": 0,
			"max": 300,
			"avg": 138.06751147039546,
			"dev": 136.35879198904055,
			"nul": 3665,
			"val": 300
		},
		{
			"cnt": 1931,
			"sum": 1266570,
			"sqr": 3385743300,
			"min": 0,
			"max": 3000,
			"avg": 655.9140341791817,
			"dev": 1150.2779844889835,
			"nul": 782,
			"val": 0
		},
		{
			"cnt": 410,
			"sum": 529800,
			"sqr": 1446840000,
			"min": 0,
			"max": 3000,
			"avg": 1292.1951219512196,
			"dev": 1363.4917732006895,
			"nul": 75,
			"val": 0
		},
		{
			"cnt": 7525905,
			"sum": 0,
			"min": 0,
			"max": 0,
			"avg": 0,
			"nul": 7525905,
			"val": 0
		}
	],