{
	"seed": -3471428655546212470,
	"deals": 1024599740,
	"games": 1017735285,
	"bet": 1017735285,
	"win": 994651093,
	"category": {
		"A": {
			"cnt": 42556791,
			"sum": 275076772,
			"sqr": 4631149872,
			"min": 4,
			"max": 5000,
			"avg": 6.463757382458654,
			"dev": 8.187958068643827,
			"val": 12,
			"cat": "A"
		},
		"J": {
			"cnt": 42555684,
			"sum": 68752759,
			"sqr": 297959513,
			"min": 1,
			"max": 1500,
			"avg": 1.6155952046264843,
			"dev": 2.095588360417626,
			"val": 1,
			"cat": "J"
		},
		"K": {
			"cnt": 42548635,
			"sum": 206157918,
			"sqr": 2581182054,
			"min": 3,
			"max": 3840,
			"avg": 4.8452298881033435,
			"dev": 6.098198207604802,
			"val": 3,
			"cat": "K"
		},
		"Q": {
			"cnt": 42562100,
			"sum": 137520234,
			"sqr": 1170849292,
			"min": 2,
			"max": 3750,
			"avg": 3.2310490788753374,
			"dev": 4.131527703044366,
			"val": 2,
			"cat": "Q"
		},
		"bet": {
			"cnt": 1017735285,
			"sum": 1017735285,
			"sqr": 1017735285,
			"min": 1,
			"max": 1,
			"avg": 1,
			"val": 1,
			"cat": "bet"
		},
		"bonus": {
			"cnt": 10640140,
			"sum": 259300410,
			"sqr": 18023565150,
			"min": 15,
			"max": 3000,
			"avg": 24.37001862757445,
			"dev": 33.1666096653244,
			"val": 30,
			"cat": "bonus"
		},
		"free": {
			"cnt": 47843000,
			"sum": 47843000,
			"sqr": 47843000,
			"min": 1,
			"max": 1,
			"avg": 1,
			"val": 1,
			"cat": "free"
		},
		"grand": {
			"cnt": 55256,
			"sum": 16576800,
			"sqr": 4973040000,
			"min": 300,
			"max": 300,
			"avg": 300,
			"val": 300,
			"cat": "grand"
		},
		"jokers": {
			"cnt": 6864455,
			"sum": 0,
			"min": 0,
			"max": 0,
			"avg": 0,
			"nul": 6864455,
			"val": 0,
			"cat": "jokers"
		},
		"major": {
			"cnt": 467515,
			"sum": 42076350,
			"sqr": 3786871500,
			"min": 90,
			"max": 90,
			"avg": 90,
			"val": 90,
			"cat": "major"
		},
		"mega": {
			"cnt": 540,
			"sum": 1620000,
			"sqr": 4860000000,
			"min": 3000,
			"max": 3000,
			"avg": 3000,
			"val": 3000,
			"cat": "mega"
		},
		"mini": {
			"cnt": 6965174,
			"sum": 104477610,
			"sqr": 1567164150,
			"min": 15,
			"max": 15,
			"avg": 15,
			"val": 15,
			"cat": "mini"
		},
		"minor": {
			"cnt": 3151655,
			"sum": 94549650,
			"sqr": 2836489500,
			"min": 30,
			"max": 30,
			"avg": 30,
			"val": 30,
			"cat": "minor"
		},
		"mult": {
			"cnt": 170223210,
			"sum": 275001375,
			"sqr": 1166916709,
			"min": 1,
			"max": 1875,
			"avg": 1.6155339509811852,
			"dev": 2.0604041087069334,
			"val": 1,
			"cat": "mult"
		},
		"product": {
			"cnt": 34536507,
			"sum": 139314672,
			"sqr": 1031230006,
			"min": 2,
			"max": 1875,
			"avg": 4.033837932712767,
			"dev": 3.686092808542259,
			"val": 3,
			"cat": "product"
		},
		"royals": {
			"cnt": 170223210,
			"sum": 687507683,
			"sqr": 8681140731,
			"min": 1,
			"max": 5000,
			"avg": 4.038859818235128,
			"dev": 5.889497767603368,
			"val": 2,
			"cat": "royals"
		},
		"step": {
			"cnt": 17735285,
			"sum": 0,
			"min": 0,
			"max": 0,
			"avg": 0,
			"nul": 17735285,
			"val": 0,
			"cat": "step"
		},
		"summary": {
			"cnt": 1024599740,
			"sum": 994651093,
			"sqr": 26793236811,
			"min": 0,
			"max": 5000,
			"avg": 0.9707703937149155,
			"dev": 5.02071305358808,
			"nul": 804031297,
			"val": 0,
			"cat": "summary"
		},
		"total": {
			"cnt": 220568443,
			"sum": 994651093,
			"sqr": 26793236811,
			"min": 1,
			"max": 5000,
			"avg": 4.509489569185561,
			"dev": 10.056742842144342,
			"val": 2,
			"cat": "total"
		},
		"walk": {
			"cnt": 10640140,
			"sum": 17735285,
			"sqr": 41392695,
			"min": 1,
			"max": 18,
			"avg": 1.666828162035462,
			"dev": 1.0544778681127964,
			"val": 2,
			"cat": "walk"
		},
		"width": {
			"cnt": 170223210,
			"sum": 36176404,
			"sqr": 39602778,
			"min": 0,
			"max": 6,
			"avg": 0.2125233333339208,
			"dev": 0.4329963952505167,
			"nul": 135686703,
			"val": 0,
			"cat": "width"
		}
	},
	"level": [
		{
			"cnt": 1000000000,
			"sum": 735350683,
			"sqr": 8769671661,
			"min": 0,
			"max": 5000,
			"avg": 0.735350683,
			"dev": 2.868611342446277,
			"nul": 790071697,
			"val": 0
		},
		{
			"cnt": 11609485,
			"sum": 104477610,
			"sqr": 1567164150,
			"min": 0,
			"max": 15,
			"avg": 8.999332011712836,
			"dev": 7.348605549262604,
			"nul": 4644311,
			"val": 0
		},
		{
			"cnt": 4846767,
			"sum": 87206730,
			"sqr": 2616201900,
			"min": 0,
			"max": 30,
			"avg": 17.992763010889526,
			"dev": 14.698413845059997,
			"nul": 1939876,
			"val": 30
		},
		{
			"cnt": 1012960,
			"sum": 42576900,
			"sqr": 3467017800,
			"min": 0,
			"max": 90,
			"avg": 42.032163165376716,
			"dev": 40.693456285033875,
			"nul": 404734,
			"val": 30
		},
		{
			"cnt": 210802,
			"sum": 17726430,
			"sqr": 4182905700,
			"min": 0,
			"max": 300,
			"avg": 84.09042608703902,
			"dev": 113.0115841206276,
			"nul": 84452,
			"val": 0
		},
		{
			"cnt": 43894,
			"sum": 4243500,
			"sqr": 936441000,
			"min": 0,
			"max": 300,
			"avg": 96.67608329156604,
			"dev": 109.48918127530092,
			"nul": 17282,
			"val": 90
		},
		{
			"cnt": 9119,
			"sum": 1260240,
			"sqr": 344127600,
			"min": 0,
			"max": 300,
			"avg": 138.1993639653471,
			"dev": 136.5223906509976,
			"nul": 3661,
			"val": 300
		},
		{
			"cnt": 1867,
			"sum": 1266600,
			"sqr": 3402387000,
			"min": 0,
			"max": 3000,
			"avg": 678.4145688269952,
			"dev": 1167.1056374181671,
			"nul": 752,
			"val": 90
		},
		{
			"cnt": 391,
			"sum": 542400,
			"sqr": 1507320000,
			"min": 0,
			"max": 3000,
			"avg": 1387.2122762148338,
			"dev": 1389.4892816751828,
			"nul": 77,
			"val": 0
		},
		{
			"cnt": 6864455,
			"sum": 0,
			"min": 0,
			"max": 0,
			"avg": 0,
			"nul": 6864455,
			"val": 0
		}
	],