{
	"seed": -7019804436957957769,
	"deals": 40419042,
	"games": 40000000,
	"bet": 40000000,
	"win": 38134429,
	"category": {
		"A": {
			"cnt": 1616775,
			"sum": 14580444,
			"sqr": 2867007248,
			"min": 4,
			"max": 40000,
			"avg": 9.018227026024029,
			"dev": 41.13343284851631,
			"val": 40,
			"cat": "A"
		},
		"J": {
			"cnt": 1617141,
			"sum": 3623337,
			"sqr": 113794549,
			"min": 1,
			"max": 6000,
			"avg": 2.2405819900676565,
			"dev": 8.083781734562873,
			"val": 3,
			"cat": "J"
		},
		"K": {
			"cnt": 1612501,
			"sum": 10891752,
			"sqr": 2235867498,
			"min": 3,
			"max": 30000,
			"avg": 6.754570694839879,
			"dev": 36.61911262872577,
			"val": 30,
			"cat": "K"
		},
		"Q": {
			"cnt": 1615941,
			"sum": 7255808,
			"sqr": 740863088,
			"min": 2,
			"max": 20000,
			"avg": 4.4901441327375196,
			"dev": 20.935859801040234,
			"val": 6,
			"cat": "Q"
		},
		"bet": {
			"cnt": 40000000,
			"sum": 40000000,
			"sqr": 40000000,
			"min": 1,
			"max": 1,
			"avg": 1,
			"val": 1,
			"cat": "bet"
		},
		"free": {
			"cnt": 1783088,
			"sum": 1783088,
			"sqr": 1783088,
			"min": 1,
			"max": 1,
			"avg": 1,
			"val": 1,
			"cat": "free"
		},
		"jokers": {
			"cnt": 419042,
			"sum": 0,
			"min": 0,
			"max": 0,
			"avg": 0,
			"nul": 419042,
			"val": 0,
			"cat": "jokers"
		},
		"mult": {
			"cnt": 6462358,
			"sum": 14526936,
			"sqr": 726627996,
			"min": 1,
			"max": 10000,
			"avg": 2.247931173110496,
			"dev": 10.362763965572453,
			"val": 3,
			"cat": "mult"
		},
		"product": {
			"cnt": 1545994,
			"sum": 9610572,
			"sqr": 721711632,
			"min": 2,
			"max": 10000,
			"avg": 6.2164355100990045,
			"dev": 20.69257980579993,
			"val": 3,
			"cat": "product"
		},
		"royals": {
			"cnt": 6462358,
			"sum": 36351341,
			"sqr": 5957532383,
			"min": 1,
			"max": 40000,
			"avg": 5.625089324980139,
			"dev": 29.83689836386856,
			"val": 6,
			"cat": "royals"
		},
		"summary": {
			"cnt": 40419042,
			"sum": 38134429,
			"sqr": 5960758701,
			"min": 0,
			"max": 40000,
			"avg": 0.9434768147152028,
			"dev": 12.107182735626171,
			"nul": 32462047,
			"val": 0,
			"cat": "summary"
		},
		"total": {
			"cnt": 7956995,
			"sum": 38134429,
			"sqr": 5960758701,
			"min": 1,
			"max": 40000,
			"avg": 4.792566666184911,
			"dev": 26.94722880823129,
			"val": 1,
			"cat": "total"
		},
		"width": {
			"cnt": 6462358,
			"sum": 1633865,
			"sqr": 1819127,
			"min": 0,
			"max": 5,
			"avg": 0.2528279925067599,
			"dev": 0.4664481350279109,
			"nul": 4916364,
			"val": 1,
			"cat": "width"
		}
	},
	"level": [
		{
			"cnt": 40000000,
			"sum": 38134429,
			"sqr": 5960758701,
			"min": 0,
			"max": 40000,
			"avg": 0.953360725,
			"dev": 12.170048103973437,
			"nul": 32043005,
			"val": 0
		},
		{
			"cnt": 419042,
			"sum": 0,
			"min": 0,
			"max": 0,
			"avg": 0,
			"nul": 419042,
			"val": 0
		}
	],
	"pick": [
		[
			16569648,
			403544,
			403891,
			404257,
			404473,
			404478,
			403613,
			404186,
			403773,
			404544,
			404615,
			403896,
			403832,
			403419,
			403509,
			403111,
			404074,
			404263,
			403418,
			404862,
			403724,
			404430,
			403460,
			403975,
			404660,
			403496,
			404090,
			403185,
			403951,
			405708,
			404590,
			403002,
			403142,
			404114,
			404618,
			404411,
			403456,
			404469,
			404252,
			403844,
			404576,
			404599,
			402294,
			404975,
			404073,
			404083,
			402835,
			403247,
			402336,
			404776,
			404186,
			403844,
			403969,
			0,
			0,
			402862,
			406111,
			403578,
			403783,
			404067,
			0,
			0,
			0,
			0,
			0,
			403823
		],
		[
			0,
			0,
			0,
			0,
			0,
			0,
			0,
			0,
			0,
			0,
			0,
			0,
			0,
			0,
			0,
			0,
			0,
			0,
			0,
			0,
			0,
			0,
			0,
			0,
			0,
			0,
			0,
			0,
			0,
			0,
			0,
			0,
			0,
			0,
			0,
			0,
			0,
			0,
			0,
			0,
			0,
			0,
			0,
			0,
			0,
			0,
			0,
			0,
			0,
			0,
			0,
			0,
			0,
			0,
			0,
			84043,
			84082,
			83647,
			83841,
			83429,
			0,
			0,
			0,
			0,
			0,
			0
		]
	],
	"meta": {
		"level": 0,
		"virtue": [
			{},
			{},
			{},
			{
				"m": 5,
				"x": [
					5
				]
			},
			{}
		]
	}
}