{
	"seed": -1176521835631725217,
	"deals": 1010478729,
	"games": 1000000000,
	"bet": 1000000000,
	"win": 952404149,
	"category": {
		"A": {
			"cnt": 40417312,
			"sum": 363474544,
			"sqr": 63077487680,
			"min": 4,
			"max": 80000,
			"avg": 8.993041001836044,
			"dev": 38.467913929510175,
			"val": 4,
			"cat": "A"
		},
		"J": {
			"cnt": 40401150,
			"sum": 90767453,
			"sqr": 4024272417,
			"min": 1,
			"max": 25000,
			"avg": 2.246655181845071,
			"dev": 9.72421762984031,
			"val": 1,
			"cat": "J"
		},
		"K": {
			"cnt": 40392113,
			"sum": 271976133,
			"sqr": 27929362365,
			"min": 3,
			"max": 30000,
			"avg": 6.7333970124316105,
			"dev": 25.41883559916734,
			"val": 3,
			"cat": "K"
		},
		"Q": {
			"cnt": 40402327,
			"sum": 181559056,
			"sqr": 17190484256,
			"min": 2,
			"max": 60000,
			"avg": 4.493777202486381,
			"dev": 20.131778240424673,
			"val": 2,
			"cat": "Q"
		},
		"bet": {
			"cnt": 1000000000,
			"sum": 1000000000,
			"sqr": 1000000000,
			"min": 1,
			"max": 1,
			"avg": 1,
			"val": 1,
			"cat": "bet"
		},
		"free": {
			"cnt": 44626963,
			"sum": 44626963,
			"sqr": 44626963,
			"min": 1,
			"max": 1,
			"avg": 1,
			"val": 1,
			"cat": "free"
		},
		"jokers": {
			"cnt": 10478729,
			"sum": 0,
			"min": 0,
			"max": 0,
			"avg": 0,
			"nul": 10478729,
			"val": 0,
			"cat": "jokers"
		},
		"mult": {
			"cnt": 161612902,
			"sum": 363074328,
			"sqr": 15367498946,
			"min": 1,
			"max": 30000,
			"avg": 2.246567715243428,
			"dev": 9.489006852858292,
			"val": 1,
			"cat": "mult"
		},
		"product": {
			"cnt": 38656954,
			"sum": 240118380,
			"sqr": 15244542998,
			"min": 2,
			"max": 30000,
			"avg": 6.211518372606388,
			"dev": 18.861906574753288,
			"val": 10,
			"cat": "product"
		},
		"royals": {
			"cnt": 161612902,
			"sum": 907777186,
			"sqr": 112221606718,
			"min": 1,
			"max": 80000,
			"avg": 5.616984626635811,
			"dev": 25.745575935294063,
			"val": 1,
			"cat": "royals"
		},
		"summary": {
			"cnt": 1010478729,
			"sum": 952404149,
			"sqr": 112302321045,
			"min": 0,
			"max": 80000,
			"avg": 0.9425276571061795,
			"dev": 10.4999704958656,
			"nul": 811455468,
			"val": 0,
			"cat": "summary"
		},
		"total": {
			"cnt": 199023261,
			"sum": 952404149,
			"sqr": 112302321045,
			"min": 1,
			"max": 80000,
			"avg": 4.785391135762769,
			"dev": 23.26730208610724,
			"val": 1,
			"cat": "total"
		},
		"width": {
			"cnt": 161612902,
			"sum": 40863040,
			"sqr": 45513336,
			"min": 0,
			"max": 6,
			"avg": 0.2528451596024184,
			"dev": 0.4665712932800737,
			"nul": 122955948,
			"val": 0,
			"cat": "width"
		}
	},
	"level": [
		{
			"cnt": 1000000000,
			"sum": 952404149,
			"sqr": 112302321045,
			"min": 0,
			"max": 80000,
			"avg": 0.952404149,
			"dev": 10.554394695195343,
			"nul": 800976739,
			"val": 0
		},
		{
			"cnt": 10478729,
			"sum": 0,
			"min": 0,
			"max": 0,
			"avg": 0,
			"nul": 10478729,
			"val": 0
		}
	],
	"pick": [
		[
			414172105,
			10098805,
			10103141,
			10103239,
			10100541,
			10103718,
			10097462,
			10100846,
			10097629,
			10100915,
			10099570,
			10095557,
			10100076,
			10100763,
			10100697,
			10103145,
			10104584,
			10100689,
			10100426,
			10101614,
			10102351,
			10099858,
			10103651,
			10094500,
			10101619,
			10096553,
			10097374,
			10097070,
			10098381,
			10100243,
			10106552,
			10097814,
			10101770,
			10096878,
			10099718,
			10105912,
			10101918,
			10101096,
			10102718,
			10096757,
			10100579,
			10105471,
			10101267,
			10100405,
			10095184,
			10098214,
			10095077,
			10095449,
			10103373,
			10106107,
			10102966,
			10102076,
			10106163,
			0,
			0,
			10104200,
			10102218,
			10097852,
			10100281,
			10096810,
			0,
			0,
			0,
			0,
			0,
			10098053
		],
		[
			0,
			0,
			0,
			0,
			0,
			0,
			0,
			0,
			0,
			0,
			0,
			0,
			0,
			0,
			0,
			0,
			0,
			0,
			0,
			0,
			0,
			0,
			0,
			0,
			0,
			0,
			0,
			0,
			0,
			0,
			0,
			0,
			0,
			0,
			0,
			0,
			0,
			0,
			0,
			0,
			0,
			0,
			0,
			0,
			0,
			0,
			0,
			0,
			0,
			0,
			0,
			0,
			0,
			0,
			0,
			2097154,
			2095409,
			2096615,
			2094833,
			2094718,
			0,
			0,
			0,
			0,
			0,
			0
		]
	],
	"meta": {
		"level": 0,
		"virtue": [
			{},
			{},
			{},
			{},
			{}
		]
	}
}