{
	"seed": 4899126878101017660,
	"deals": 205013129,
	"games": 203509198,
	"bet": 203509198,
	"win": 196389272,
	"category": {
		"A": {
			"cnt": 8420334,
			"sum": 54265312,
			"sqr": 925321440,
			"min": 4,
			"max": 3200,
			"avg": 6.444555762277363,
			"dev": 8.267950161655133,
			"val": 4,
			"cat": "A"
		},
		"J": {
			"cnt": 8420015,
			"sum": 13554152,
			"sqr": 55528274,
			"min": 1,
			"max": 600,
			"avg": 1.6097539018635953,
			"dev": 2.0008716888767695,
			"val": 1,
			"cat": "J"
		},
		"K": {
			"cnt": 8424541,
			"sum": 40660998,
			"sqr": 505410408,
			"min": 3,
			"max": 2700,
			"avg": 4.82649416745672,
			"dev": 6.0578534504946475,
			"val": 30,
			"cat": "K"
		},
		"Q": {
			"cnt": 8420765,
			"sum": 27120294,
			"sqr": 233368764,
			"min": 2,
			"max": 3000,
			"avg": 3.220644917652969,
			"dev": 4.16424466478582,
			"val": 4,
			"cat": "Q"
		},
		"bet": {
			"cnt": 203509198,
			"sum": 203509198,
			"sqr": 203509198,
			"min": 1,
			"max": 1,
			"avg": 1,
			"val": 1,
			"cat": "bet"
		},
		"bonus": {
			"cnt": 2105080,
			"sum": 51282255,
			"sqr": 3507809625,
			"min": 15,
			"max": 3000,
			"avg": 24.361190548577728,
			"dev": 32.754952904504044,
			"val": 30,
			"cat": "bonus"
		},
		"free": {
			"cnt": 9506261,
			"sum": 9506261,
			"sqr": 9506261,
			"min": 1,
			"max": 1,
			"avg": 1,
			"val": 1,
			"cat": "free"
		},
		"grand": {
			"cnt": 10997,
			"sum": 3299100,
			"sqr": 989730000,
			"min": 300,
			"max": 300,
			"avg": 300,
			"val": 300,
			"cat": "grand"
		},
		"jokers": {
			"cnt": 1503931,
			"sum": 0,
			"min": 0,
			"max": 0,
			"avg": 0,
			"nul": 1503931,
			"val": 0,
			"cat": "jokers"
		},
		"major": {
			"cnt": 92140,
			"sum": 8292600,
			"sqr": 746334000,
			"min": 90,
			"max": 90,
			"avg": 90,
			"val": 90,
			"cat": "major"
		},
		"mega": {
			"cnt": 100,
			"sum": 300000,
			"sqr": 900000000,
			"min": 3000,
			"max": 3000,
			"avg": 3000,
			"val": 3000,
			"cat": "mega"
		},
		"mini": {
			"cnt": 1377649,
			"sum": 20664735,
			"sqr": 309971025,
			"min": 15,
			"max": 15,
			"avg": 15,
			"val": 15,
			"cat": "mini"
		},
		"minor": {
			"cnt": 624194,
			"sum": 18725820,
			"sqr": 561774600,
			"min": 30,
			"max": 30,
			"avg": 30,
			"val": 30,
			"cat": "minor"
		},
		"mult": {
			"cnt": 33685655,
			"sum": 54234293,
			"sqr": 227859767,
			"min": 1,
			"max": 1500,
			"avg": 1.6100115316148669,
			"dev": 2.042586504608793,
			"val": 2,
			"cat": "mult"
		},
		"product": {
			"cnt": 6783219,
			"sum": 27331857,
			"sqr": 200957331,
			"min": 2,
			"max": 1500,
			"avg": 4.029334302784563,
			"dev": 3.6592518059232124,
			"val": 2,
			"cat": "product"
		},
		"royals": {
			"cnt": 33685655,
			"sum": 135600756,
			"sqr": 1719628886,
			"min": 1,
			"max": 3200,
			"avg": 4.025474820068068,
			"dev": 5.902952302775717,
			"val": 4,
			"cat": "royals"
		},
		"step": {
			"cnt": 3509198,
			"sum": 0,
			"min": 0,
			"max": 0,
			"avg": 0,
			"nul": 3509198,
			"val": 0,
			"cat": "step"
		},
		"summary": {
			"cnt": 205013129,
			"sum": 196389272,
			"sqr": 5244946238,
			"min": 0,
			"max": 3200,
			"avg": 0.9579350988784723,
			"dev": 4.9664701228731385,
			"nul": 161316809,
			"val": 1,
			"cat": "summary"
		},
		"total": {
			"cnt": 43696320,
			"sum": 196389272,
			"sqr": 5244946238,
			"min": 1,
			"max": 3200,
			"avg": 4.494412161024086,
			"dev": 9.991597485291523,
			"val": 1,
			"cat": "total"
		},
		"walk": {
			"cnt": 2105080,
			"sum": 3509198,
			"sqr": 8194196,
			"min": 1,
			"max": 18,
			"avg": 1.6670140802249795,
			"dev": 1.0552941821806452,
			"val": 2,
			"cat": "walk"
		},
		"width": {
			"cnt": 33685655,
			"sum": 7102575,
			"sqr": 7770059,
			"min": 0,
			"max": 5,
			"avg": 0.21084865352922483,
			"dev": 0.4315166049617466,
			"nul": 26902436,
			"val": 1,
			"cat": "width"
		}
	},
	"level": [
		{
			"cnt": 200000000,
			"sum": 145107017,
			"sqr": 1737136613,
			"min": 0,
			"max": 3200,
			"avg": 0.725535085,
			"dev": 2.8564456769618505,
			"nul": 158408760,
			"val": 1
		},
		{
			"cnt": 2296743,
			"sum": 20664735,
			"sqr": 309971025,
			"min": 0,
			"max": 15,
			"avg": 8.997408504129544,
			"dev": 7.348997739267616,
			"nul": 919094,
			"val": 0
		},
		{
			"cnt": 959196,
			"sum": 17268930,
			"sqr": 518067900,
			"min": 0,
			"max": 30,
			"avg": 18.003546720378317,
			"dev": 14.696214039626147,
			"nul": 383565,
			"val": 30
		},
		{
			"cnt": 200377,
			"sum": 8403180,
			"sqr": 683663400,
			"min": 0,
			"max": 90,
			"avg": 41.93684903956043,
			"dev": 40.65939360449582,
			"nul": 80111,
			"val": 0
		},
		{
			"cnt": 41756,
			"sum": 3498360,
			"sqr": 826174800,
			"min": 0,
			"max": 300,
			"avg": 83.78101350704091,
			"dev": 112.98900953281323,
			"nul": 16893,
			"val": 0
		},
		{
			"cnt": 8766,
			"sum": 838950,
			"sqr": 186385500,
			"min": 0,
			"max": 300,
			"avg": 95.70499657768652,
			"dev": 110.01306267260769,
			"nul": 3551,
			"val": 0
		},
		{
			"cnt": 1880,
			"sum": 261690,
			"sqr": 71306100,
			"min": 0,
			"max": 300,
			"avg": 139.1968085106383,
			"dev": 136.20948974354678,
			"nul": 741,
			"val": 300
		},
		{
			"cnt": 399,
			"sum": 242910,
			"sqr": 638190900,
			"min": 0,
			"max": 3000,
			"avg": 608.796992481203,
			"dev": 1108.5315339653023,
			"nul": 157,
			"val": 0
		},
		{
			"cnt": 81,
			"sum": 103500,
			"sqr": 274050000,
			"min": 0,
			"max": 3000,
			"avg": 1277.7777777777778,
			"dev": 1323.1089463648175,
			"nul": 6,
			"val": 300
		},
		{
			"cnt": 1503931,
			"sum": 0,
			"min": 0,
			"max": 0,
			"avg": 0,
			"nul": 1503931,
			"val": 0
		}
	],