{
	"seed": 4749063278997114270,
	"deals": 101046617,
	"games": 100000000,
	"bet": 100000000,
	"win": 95300500,
	"category": {
		"A": {
			"cnt": 4040495,
			"sum": 36396900,
			"sqr": 6154557744,
			"min": 4,
			"max": 40000,
			"avg": 9.008029956725599,
			"dev": 37.97465136741377,
			"val": 4,
			"cat": "A"
		},
		"J": {
			"cnt": 4040678,
			"sum": 9067872,
			"sqr": 255203684,
			"min": 1,
			"max": 6000,
			"avg": 2.244146155669915,
			"dev": 7.6238072740023375,
			"val": 1,
			"cat": "J"
		},
		"K": {
			"cnt": 4035149,
			"sum": 27239895,
			"sqr": 4330734687,
			"min": 3,
			"max": 30000,
			"avg": 6.750654065066742,
			"dev": 32.05747028973609,
			"val": 12,
			"cat": "K"
		},
		"Q": {
			"cnt": 4040862,
			"sum": 18134812,
			"sqr": 1466941136,
			"min": 2,
			"max": 20000,
			"avg": 4.487857293815033,
			"dev": 18.517179072405476,
			"val": 2,
			"cat": "Q"
		},
		"bet": {
			"cnt": 100000000,
			"sum": 100000000,
			"sqr": 100000000,
			"min": 1,
			"max": 1,
			"avg": 1,
			"val": 1,
			"cat": "bet"
		},
		"free": {
			"cnt": 4461021,
			"sum": 4461021,
			"sqr": 4461021,
			"min": 1,
			"max": 1,
			"avg": 1,
			"val": 1,
			"cat": "free"
		},
		"jokers": {
			"cnt": 1046617,
			"sum": 0,
			"min": 0,
			"max": 0,
			"avg": 0,
			"nul": 1046617,
			"val": 0,
			"cat": "jokers"
		},
		"mult": {
			"cnt": 16157184,
			"sum": 36314468,
			"sqr": 1487791570,
			"min": 1,
			"max": 10000,
			"avg": 2.247574082216307,
			"dev": 9.329028181114321,
			"val": 1,
			"cat": "mult"
		},
		"product": {
			"cnt": 3865267,
			"sum": 24022551,
			"sqr": 1475499653,
			"min": 2,
			"max": 10000,
			"avg": 6.21497842193049,
			"dev": 18.52314664938681,
			"val": 4,
			"cat": "product"
		},
		"royals": {
			"cnt": 16157184,
			"sum": 90839479,
			"sqr": 12207437251,
			"min": 1,
			"max": 40000,
			"avg": 5.622234604743005,
			"dev": 26.906000406918615,
			"val": 2,
			"cat": "royals"
		},
		"summary": {
			"cnt": 101046617,
			"sum": 95300500,
			"sqr": 12215507246,
			"min": 0,
			"max": 40000,
			"avg": 0.9431339992312657,
			"dev": 10.95446563379143,
			"nul": 81150155,
			"val": 0,
			"cat": "summary"
		},
		"total": {
			"cnt": 19896462,
			"sum": 95300500,
			"sqr": 12215507246,
			"min": 1,
			"max": 40000,
			"avg": 4.789821426543071,
			"dev": 24.310725001846386,
			"val": 2,
			"cat": "total"
		},
		"width": {
			"cnt": 16157184,
			"sum": 4085610,
			"sqr": 4550214,
			"min": 0,
			"max": 5,
			"avg": 0.2528664648493203,
			"dev": 0.46656218679397443,
			"nul": 12291917,
			"val": 0,
			"cat": "width"
		}
	},
	"level": [
		{
			"cnt": 100000000,
			"sum": 95300500,
			"sqr": 12215507246,
			"min": 0,
			"max": 40000,
			"avg": 0.953005,
			"dev": 11.011214916165018,
			"nul": 80103538,
			"val": 0
		},
		{
			"cnt": 1046617,
			"sum": 0,
			"min": 0,
			"max": 0,
			"avg": 0,
			"nul": 1046617,
			"val": 0
		}
	],
	"pick": [
		[
			41423323,
			1010585,
			1010063,
			1009153,
			1010138,
			1010788,
			1009233,
			1010349,
			1010103,
			1011588,
			1011623,
			1009739,
			1010418,
			1009608,
			1010546,
			1009016,
			1009572,
			1010625,
			1008057,
			1009981,
			1010002,
			1009847,
			1010596,
			1009396,
			1010493,
			1009068,
			1009200,
			1008610,
			1010540,
			1011802,
			1011062,
			1008824,
			1009063,
			1009376,
			1010587,
			1010261,
			1009727,
			1010595,
			1010419,
			1009918,
			1009746,
			1010634,
			1008973,
			1011198,
			1010057,
			1009366,
			1007814,
			1008840,
			1009129,
			1011562,
			1009375,
			1008901,
			1010657,
			0,
			0,
			1008489,
			1012425,
			1009107,
			1010062,
			1009755,
			0,
			0,
			0,
			0,
			0,
			1010016
		],
		[
			0,
			0,
			0,
			0,
			0,
			0,
			0,
			0,
			0,
			0,
			0,
			0,
			0,
			0,
			0,
			0,
			0,
			0,
			0,
			0,
			0,
			0,
			0,
			0,
			0,
			0,
			0,
			0,
			0,
			0,
			0,
			0,
			0,
			0,
			0,
			0,
			0,
			0,
			0,
			0,
			0,
			0,
			0,
			0,
			0,
			0,
			0,
			0,
			0,
			0,
			0,
			0,
			0,
			0,
			0,
			209694,
			209338,
			209256,
			209510,
			208819,
			0,
			0,
			0,
			0,
			0,
			0
		]
	],
	"meta": {
		"level": 0,
		"virtue": [
			{},
			{},
			{},
			{},
			{}
		]
	}
}