{
	"seed": 2557797181874404657,
	"deals": 1054850198,
	"games": 1028733303,
	"bet": 1028733303,
	"win": 992590875,
	"category": {
		"A": {
			"cnt": 34493543,
			"sum": 211476444,
			"sqr": 2976439696,
			"min": 4,
			"max": 6400,
			"avg": 6.130899455587963,
			"dev": 6.9786700870975205,
			"val": 4,
			"cat": "A"
		},
		"J": {
			"cnt": 34482707,
			"sum": 52856685,
			"sqr": 183379121,
			"min": 1,
			"max": 625,
			"avg": 1.532846159670701,
			"dev": 1.7229002062895231,
			"val": 1,
			"cat": "J"
		},
		"K": {
			"cnt": 34473705,
			"sum": 158513127,
			"sqr": 1651349925,
			"min": 3,
			"max": 2400,
			"avg": 4.598087933977506,
			"dev": 5.172940364408737,
			"val": 3,
			"cat": "K"
		},
		"Q": {
			"cnt": 34488057,
			"sum": 105733680,
			"sqr": 747186528,
			"min": 2,
			"max": 3200,
			"avg": 3.0658056497644965,
			"dev": 3.502272994110004,
			"val": 2,
			"cat": "Q"
		},
		"bet": {
			"cnt": 1028733303,
			"sum": 1028733303,
			"sqr": 1028733303,
			"min": 1,
			"max": 1,
			"avg": 1,
			"val": 1,
			"cat": "bet"
		},
		"bonus": {
			"cnt": 17240620,
			"sum": 420121035,
			"sqr": 28841136525,
			"min": 15,
			"max": 3000,
			"avg": 24.368093200824564,
			"dev": 32.84898209902894,
			"val": 15,
			"cat": "bonus"
		},
		"free": {
			"cnt": 43889904,
			"sum": 43889904,
			"sqr": 43889904,
			"min": 1,
			"max": 1,
			"avg": 1,
			"val": 1,
			"cat": "free"
		},
		"grand": {
			"cnt": 90071,
			"sum": 27021300,
			"sqr": 8106390000,
			"min": 300,
			"max": 300,
			"avg": 300,
			"val": 300,
			"cat": "grand"
		},
		"jokers": {
			"cnt": 26116895,
			"sum": 0,
			"min": 0,
			"max": 0,
			"avg": 0,
			"nul": 26116895,
			"val": 0,
			"cat": "jokers"
		},
		"major": {
			"cnt": 756596,
			"sum": 68093640,
			"sqr": 6128427600,
			"min": 90,
			"max": 90,
			"avg": 90,
			"val": 90,
			"cat": "major"
		},
		"mega": {
			"cnt": 830,
			"sum": 2490000,
			"sqr": 7470000000,
			"min": 3000,
			"max": 3000,
			"avg": 3000,
			"val": 3000,
			"cat": "mega"
		},
		"mini": {
			"cnt": 11285173,
			"sum": 169277595,
			"sqr": 2539163925,
			"min": 15,
			"max": 15,
			"avg": 15,
			"val": 15,
			"cat": "mini"
		},
		"minor": {
			"cnt": 5107950,
			"sum": 153238500,
			"sqr": 4597155000,
			"min": 30,
			"max": 30,
			"avg": 30,
			"val": 30,
			"cat": "minor"
		},
		"mult": {
			"cnt": 137938012,
			"sum": 211430345,
			"sqr": 739686559,
			"min": 1,
			"max": 1600,
			"avg": 1.5327924618777309,
			"dev": 1.7358005504621947,
			"val": 1,
			"cat": "mult"
		},
		"product": {
			"cnt": 25257209,
			"sum": 98749542,
			"sqr": 627005756,
			"min": 2,
			"max": 1600,
			"avg": 3.9097566956032237,
			"dev": 3.0884666259956375,
			"val": 5,
			"cat": "product"
		},
		"royals": {
			"cnt": 137938012,
			"sum": 528579936,
			"sqr": 5558355270,
			"min": 1,
			"max": 6400,
			"avg": 3.8320106860754235,
			"dev": 5.0608034296608775,
			"val": 4,
			"cat": "royals"
		},
		"step": {
			"cnt": 28733303,
			"sum": 0,
			"min": 0,
			"max": 0,
			"avg": 0,
			"nul": 28733303,
			"val": 0,
			"cat": "step"
		},
		"summary": {
			"cnt": 1054850198,
			"sum": 992590875,
			"sqr": 34473651021,
			"min": 0,
			"max": 6400,
			"avg": 0.940978043026352,
			"dev": 5.638762918803272,
			"nul": 861836817,
			"val": 4,
			"cat": "summary"
		},
		"total": {
			"cnt": 193013381,
			"sum": 992590875,
			"sqr": 34473651021,
			"min": 1,
			"max": 6400,
			"avg": 5.142601356742205,
			"dev": 12.335364672865726,
			"val": 4,
			"cat": "total"
		},
		"walk": {
			"cnt": 17240620,
			"sum": 28733303,
			"sqr": 67012935,
			"min": 1,
			"max": 20,
			"avg": 1.6666049712829354,
			"dev": 1.0532565118307617,
			"val": 1,
			"cat": "walk"
		},
		"width": {
			"cnt": 137938012,
			"sum": 26204770,
			"sqr": 28168098,
			"min": 0,
			"max": 6,
			"avg": 0.18997497223607948,
			"dev": 0.4100218166568349,
			"nul": 112680803,
			"val": 0,
			"cat": "width"
		}
	},
	"level": [
		{
			"cnt": 1000000000,
			"sum": 572469840,
			"sqr": 5632514496,
			"min": 0,
			"max": 6400,
			"avg": 0.57246984,
			"dev": 2.3032135763516104,
			"nul": 824227239,
			"val": 4
		},
		{
			"cnt": 18810000,
			"sum": 169277595,
			"sqr": 2539163925,
			"min": 0,
			"max": 15,
			"avg": 8.999340510366826,
			"dev": 7.348603815281713,
			"nul": 7524827,
			"val": 15
		},
		{
			"cnt": 7851679,
			"sum": 141334140,
			"sqr": 4240024200,
			"min": 0,
			"max": 30,
			"avg": 18.000499001551134,
			"dev": 14.696836589609706,
			"nul": 3140541,
			"val": 30
		},
		{
			"cnt": 1639630,
			"sum": 68896080,
			"sqr": 5610378600,
			"min": 0,
			"max": 90,
			"avg": 42.019284838652624,
			"dev": 40.695383513591096,
			"nul": 655500,
			"val": 0
		},
		{
			"cnt": 342667,
			"sum": 28889460,
			"sqr": 6818963400,
			"min": 0,
			"max": 300,
			"avg": 84.30768063455191,
			"dev": 113.10125669721813,
			"nul": 136598,
			"val": 30
		},
		{
			"cnt": 71014,
			"sum": 6869850,
			"sqr": 1520131500,
			"min": 0,
			"max": 300,
			"avg": 96.73937533444109,
			"dev": 109.76144659781923,
			"nul": 28084,
			"val": 300
		},
		{
			"cnt": 14656,
			"sum": 2046780,
			"sqr": 559186200,
			"min": 0,
			"max": 300,
			"avg": 139.65474890829694,
			"dev": 136.5673143454729,
			"nul": 5802,
			"val": 300
		},
		{
			"cnt": 3041,
			"sum": 1965630,
			"sqr": 5219138700,
			"min": 0,
			"max": 3000,
			"avg": 646.3761920420914,
			"dev": 1139.4977844652233,
			"nul": 1207,
			"val": 90
		},
		{
			"cnt": 616,
			"sum": 841500,
			"sqr": 2334150000,
			"min": 0,
			"max": 3000,
			"avg": 1366.0714285714287,
			"dev": 1386.7420082680705,
			"nul": 124,
			"val": 300
		},
		{
			"cnt": 26116895,
			"sum": 0,
			"min": 0,
			"max": 0,
			"avg": 0,
			"nul": 26116895,
			"val": 0
		}
	],