{
	"seed": 7085585277945216401,
	"deals": 210968177,
	"games": 205744184,
	"bet": 205744184,
	"win": 198396119,
	"category": {
		"A": {
			"cnt": 6894371,
			"sum": 42242452,
			"sqr": 570536592,
			"min": 4,
			"max": 1500,
			"avg": 6.127092957428603,
			"dev": 6.724039332951604,
			"val": 4,
			"cat": "A"
		},
		"J": {
			"cnt": 6896021,
			"sum": 10566626,
			"sqr": 36269488,
			"min": 1,
			"max": 625,
			"avg": 1.53227868650632,
			"dev": 1.7063418561942971,
			"val": 1,
			"cat": "J"
		},
		"K": {
			"cnt": 6894987,
			"sum": 31707060,
			"sqr": 328566384,
			"min": 3,
			"max": 1500,
			"avg": 4.598567045884206,
			"dev": 5.148409321451976,
			"val": 3,
			"cat": "K"
		},
		"Q": {
			"cnt": 6897540,
			"sum": 21146860,
			"sqr": 158814472,
			"min": 2,
			"max": 3200,
			"avg": 3.065855362926493,
			"dev": 3.691250449362672,
			"val": 6,
			"cat": "Q"
		},
		"bet": {
			"cnt": 205744184,
			"sum": 205744184,
			"sqr": 205744184,
			"min": 1,
			"max": 1,
			"avg": 1,
			"val": 1,
			"cat": "bet"
		},
		"bonus": {
			"cnt": 3446803,
			"sum": 83954595,
			"sqr": 5744078325,
			"min": 15,
			"max": 3000,
			"avg": 24.357236256322164,
			"dev": 32.76003000624031,
			"val": 30,
			"cat": "bonus"
		},
		"free": {
			"cnt": 8778526,
			"sum": 8778526,
			"sqr": 8778526,
			"min": 1,
			"max": 1,
			"avg": 1,
			"val": 1,
			"cat": "free"
		},
		"grand": {
			"cnt": 17847,
			"sum": 5354100,
			"sqr": 1606230000,
			"min": 300,
			"max": 300,
			"avg": 300,
			"val": 300,
			"cat": "grand"
		},
		"jokers": {
			"cnt": 5223993,
			"sum": 0,
			"min": 0,
			"max": 0,
			"avg": 0,
			"nul": 5223993,
			"val": 0,
			"cat": "jokers"
		},
		"major": {
			"cnt": 151346,
			"sum": 13621140,
			"sqr": 1225902600,
			"min": 90,
			"max": 90,
			"avg": 90,
			"val": 90,
			"cat": "major"
		},
		"mega": {
			"cnt": 165,
			"sum": 495000,
			"sqr": 1485000000,
			"min": 3000,
			"max": 3000,
			"avg": 3000,
			"val": 3000,
			"cat": "mega"
		},
		"mini": {
			"cnt": 2255933,
			"sum": 33838995,
			"sqr": 507584925,
			"min": 15,
			"max": 15,
			"avg": 15,
			"val": 15,
			"cat": "mini"
		},
		"minor": {
			"cnt": 1021512,
			"sum": 30645360,
			"sqr": 919360800,
			"min": 30,
			"max": 30,
			"avg": 30,
			"val": 30,
			"cat": "minor"
		},
		"mult": {
			"cnt": 27582919,
			"sum": 42269689,
			"sqr": 148139019,
			"min": 1,
			"max": 1600,
			"avg": 1.5324588742765042,
			"dev": 1.7384617765590058,
			"val": 1,
			"cat": "mult"
		},
		"product": {
			"cnt": 5047424,
			"sum": 19734194,
			"sqr": 125603524,
			"min": 2,
			"max": 1600,
			"avg": 3.9097555505541046,
			"dev": 3.0981430140202044,
			"val": 4,
			"cat": "product"
		},
		"royals": {
			"cnt": 27582919,
			"sum": 105662998,
			"sqr": 1094186936,
			"min": 1,
			"max": 3200,
			"avg": 3.83074024906501,
			"dev": 4.999443326418709,
			"val": 1,
			"cat": "royals"
		},
		"step": {
			"cnt": 5744184,
			"sum": 0,
			"min": 0,
			"max": 0,
			"avg": 0,
			"nul": 5744184,
			"val": 0,
			"cat": "step"
		},
		"summary": {
			"cnt": 210968177,
			"sum": 198396119,
			"sqr": 6853093351,
			"min": 0,
			"max": 3200,
			"avg": 0.9404077990397576,
			"dev": 5.621356403493523,
			"nul": 172370738,
			"val": 0,
			"cat": "summary"
		},
		"total": {
			"cnt": 38597439,
			"sum": 198396119,
			"sqr": 6853093351,
			"min": 1,
			"max": 3200,
			"avg": 5.140136862448309,
			"dev": 12.293577660635579,
			"val": 1,
			"cat": "total"
		},
		"walk": {
			"cnt": 3446803,
			"sum": 5744184,
			"sqr": 13388348,
			"min": 1,
			"max": 20,
			"avg": 1.6665251829013727,
			"dev": 1.0521282370877112,
			"val": 2,
			"cat": "walk"
		},
		"width": {
			"cnt": 27582919,
			"sum": 5236944,
			"sqr": 5629494,
			"min": 0,
			"max": 5,
			"avg": 0.18986184892179106,
			"dev": 0.4099340934355715,
			"nul": 22535495,
			"val": 0,
			"cat": "width"
		}
	},
	"level": [
		{
			"cnt": 200000000,
			"sum": 114441524,
			"sqr": 1109015026,
			"min": 0,
			"max": 3200,
			"avg": 0.57220762,
			"dev": 2.284218371700468,
			"nul": 164849364,
			"val": 0
		},
		{
			"cnt": 3760765,
			"sum": 33838995,
			"sqr": 507584925,
			"min": 0,
			"max": 15,
			"avg": 8.997902022593808,
			"dev": 7.348897164249162,
			"nul": 1504832,
			"val": 0
		},
		{
			"cnt": 1570088,
			"sum": 28272720,
			"sqr": 848181600,
			"min": 0,
			"max": 30,
			"avg": 18.007092596083787,
			"dev": 14.695488903693477,
			"nul": 627664,
			"val": 30
		},
		{
			"cnt": 327373,
			"sum": 13791150,
			"sqr": 1123542900,
			"min": 0,
			"max": 90,
			"avg": 42.12671784172794,
			"dev": 40.710390177122456,
			"nul": 130560,
			"val": 30
		},
		{
			"cnt": 68115,
			"sum": 5717400,
			"sqr": 1350574200,
			"min": 0,
			"max": 300,
			"avg": 83.93745870953535,
			"dev": 113.05908155129765,
			"nul": 27319,
			"val": 90
		},
		{
			"cnt": 14227,
			"sum": 1372260,
			"sqr": 301982400,
			"min": 0,
			"max": 300,
			"avg": 96.45462852323048,
			"dev": 109.19025379930468,
			"nul": 5590,
			"val": 0
		},
		{
			"cnt": 2896,
			"sum": 406560,
			"sqr": 111497400,
			"min": 0,
			"max": 300,
			"avg": 140.38674033149172,
			"dev": 137.08408574489118,
			"nul": 1153,
			"val": 300
		},
		{
			"cnt": 595,
			"sum": 362310,
			"sqr": 956754900,
			"min": 0,
			"max": 3000,
			"avg": 608.9243697478992,
			"dev": 1112.2960669257768,
			"nul": 242,
			"val": 90
		},
		{
			"cnt": 125,
			"sum": 193200,
			"sqr": 543960000,
			"min": 0,
			"max": 3000,
			"avg": 1545.6,
			"dev": 1400.9998715203367,
			"nul": 21,
			"val": 0
		},
		{
			"cnt": 5223993,
			"sum": 0,
			"min": 0,
			"max": 0,
			"avg": 0,
			"nul": 5223993,
			"val": 0
		}
	],