{
	"seed": -5799460750193179783,
	"deals": 20209821,
	"games": 20000000,
	"bet": 20000000,
	"win": 19049581,
	"category": {
		"A": {
			"cnt": 809416,
			"sum": 7284156,
			"sqr": 670072496,
			"min": 4,
			"max": 8000,
			"avg": 8.999273550312818,
			"dev": 27.328738316941166,
			"val": 4,
			"cat": "A"
		},
		"J": {
			"cnt": 809345,
			"sum": 1809097,
			"sqr": 40213953,
			"min": 1,
			"max": 2000,
			"avg": 2.235260611976351,
			"dev": 6.685106175214461,
			"val": 1,
			"cat": "J"
		},
		"K": {
			"cnt": 805248,
			"sum": 5423358,
			"sqr": 478546722,
			"min": 3,
			"max": 9000,
			"avg": 6.735015796375775,
			"dev": 23.429136898754205,
			"val": 3,
			"cat": "K"
		},
		"Q": {
			"cnt": 809615,
			"sum": 3642046,
			"sqr": 543288068,
			"min": 2,
			"max": 20000,
			"avg": 4.498491258190621,
			"dev": 25.51094940896474,
			"val": 2,
			"cat": "Q"
		},
		"bet": {
			"cnt": 20000000,
			"sum": 20000000,
			"sqr": 20000000,
			"min": 1,
			"max": 1,
			"avg": 1,
			"val": 1,
			"cat": "bet"
		},
		"free": {
			"cnt": 890924,
			"sum": 890924,
			"sqr": 890924,
			"min": 1,
			"max": 1,
			"avg": 1,
			"val": 1,
			"cat": "free"
		},
		"jokers": {
			"cnt": 209821,
			"sum": 0,
			"min": 0,
			"max": 0,
			"avg": 0,
			"nul": 209821,
			"val": 0,
			"cat": "jokers"
		},
		"mult": {
			"cnt": 3233624,
			"sum": 7258945,
			"sqr": 271087359,
			"min": 1,
			"max": 10000,
			"avg": 2.2448327325625983,
			"dev": 8.876634544142622,
			"val": 1,
			"cat": "mult"
		},
		"product": {
			"cnt": 773431,
			"sum": 4798752,
			"sqr": 268627166,
			"min": 2,
			"max": 10000,
			"avg": 6.204499173164768,
			"dev": 17.573361678683785,
			"val": 10,
			"cat": "product"
		},
		"royals": {
			"cnt": 3233624,
			"sum": 18158657,
			"sqr": 1732121239,
			"min": 1,
			"max": 20000,
			"avg": 5.615574661741749,
			"dev": 22.45272292577558,
			"val": 4,
			"cat": "royals"
		},
		"summary": {
			"cnt": 20209821,
			"sum": 19049581,
			"sqr": 1733735311,
			"min": 0,
			"max": 20000,
			"avg": 0.9425902881574261,
			"dev": 9.214027120745552,
			"nul": 16229717,
			"val": 0,
			"cat": "summary"
		},
		"total": {
			"cnt": 3980104,
			"sum": 19049581,
			"sqr": 1733735311,
			"min": 1,
			"max": 20000,
			"avg": 4.786201817841945,
			"dev": 20.314841294459235,
			"val": 4,
			"cat": "total"
		},
		"width": {
			"cnt": 3233624,
			"sum": 817390,
			"sqr": 910138,
			"min": 0,
			"max": 5,
			"avg": 0.2527783069398297,
			"dev": 0.4664373532187541,
			"nul": 2460193,
			"val": 0,
			"cat": "width"
		}
	},
	"level": [
		{
			"cnt": 20000000,
			"sum": 19049581,
			"sqr": 1733735311,
			"min": 0,
			"max": 20000,
			"avg": 0.95247905,
			"dev": 9.261724958630065,
			"nul": 16019896,
			"val": 0
		},
		{
			"cnt": 209821,
			"sum": 0,
			"min": 0,
			"max": 0,
			"avg": 0,
			"nul": 209821,
			"val": 0
		}
	],
	"pick": [
		[
			8284917,
			201941,
			201708,
			201838,
			202173,
			202362,
			201837,
			201944,
			201567,
			202172,
			202504,
			202248,
			202385,
			201592,
			201926,
			201513,
			201824,
			202798,
			201208,
			202151,
			201687,
			201834,
			201621,
			202244,
			202129,
			201570,
			202273,
			201318,
			202235,
			202688,
			202796,
			201616,
			201775,
			202121,
			202113,
			202264,
			201272,
			202059,
			202090,
			202452,
			202744,
			202673,
			201554,
			202976,
			202412,
			201817,
			201592,
			201501,
			200338,
			202529,
			202314,
			202143,
			202430,
			0,
			0,
			201284,
			202486,
			201679,
			202039,
			201620,
			0,
			0,
			0,
			0,
			0,
			201104
		],
		[
			0,
			0,
			0,
			0,
			0,
			0,
			0,
			0,
			0,
			0,
			0,
			0,
			0,
			0,
			0,
			0,
			0,
			0,
			0,
			0,
			0,
			0,
			0,
			0,
			0,
			0,
			0,
			0,
			0,
			0,
			0,
			0,
			0,
			0,
			0,
			0,
			0,
			0,
			0,
			0,
			0,
			0,
			0,
			0,
			0,
			0,
			0,
			0,
			0,
			0,
			0,
			0,
			0,
			0,
			0,
			42149,
			42050,
			41658,
			42095,
			41869,
			0,
			0,
			0,
			0,
			0,
			0
		]
	],
	"meta": {
		"level": 0,
		"virtue": [
			{},
			{},
			{},
			{},
			{}
		]
	}
}