{
	"seed": -904072272788906786,
	"deals": 1011888942,
	"games": 1000000000,
	"bet": 1000000000,
	"win": 964815835,
	"category": {
		"1 pair": {
			"cnt": 57914286,
			"sum": 0,
			"min": 0,
			"max": 0,
			"avg": 0,
			"nul": 57914286,
			"val": 0,
			"cat": "1 pair"
		},
		"2 pair": {
			"cnt": 2834699,
			"sum": 5669398,
			"sqr": 11338796,
			"min": 2,
			"max": 2,
			"avg": 2,
			"val": 2,
			"cat": "2 pair"
		},
		"3 of kind": {
			"cnt": 17132174,
			"sum": 137057392,
			"sqr": 1096459136,
			"min": 8,
			"max": 8,
			"avg": 8,
			"val": 8,
			"cat": "3 of kind"
		},
		"4 of kind": {
			"cnt": 496865,
			"sum": 24843250,
			"sqr": 1242162500,
			"min": 50,
			"max": 50,
			"avg": 50,
			"val": 50,
			"cat": "4 of kind"
		},
		"A": {
			"cnt": 40396720,
			"sum": 257375464,
			"sqr": 4170815072,
			"min": 4,
			"max": 8000,
			"avg": 6.371197067484687,
			"dev": 7.9154423210746705,
			"val": 4,
			"cat": "A"
		},
		"J": {
			"cnt": 40414826,
			"sum": 64376883,
			"sqr": 256686817,
			"min": 1,
			"max": 1200,
			"avg": 1.5929026392443209,
			"dev": 1.9529373936485828,
			"val": 1,
			"cat": "J"
		},
		"K": {
			"cnt": 40399277,
			"sum": 193041561,
			"sqr": 2332032129,
			"min": 3,
			"max": 5625,
			"avg": 4.7783419737932435,
			"dev": 5.906949176413231,
			"val": 3,
			"cat": "K"
		},
		"Q": {
			"cnt": 40407836,
			"sum": 128755718,
			"sqr": 1035808508,
			"min": 2,
			"max": 3000,
			"avg": 3.1864046864573496,
			"dev": 3.9345492343322674,
			"val": 10,
			"cat": "Q"
		},
		"bet": {
			"cnt": 1000000000,
			"sum": 1000000000,
			"sqr": 1000000000,
			"min": 1,
			"max": 1,
			"avg": 1,
			"val": 1,
			"cat": "bet"
		},
		"collect": {
			"cnt": 111786918,
			"sum": 999999992,
			"sqr": 9802032000,
			"min": 5,
			"max": 43,
			"avg": 8.945590502817154,
			"dev": 2.7679190062025105,
			"val": 7,
			"cat": "collect"
		},
		"flush": {
			"cnt": 636525,
			"sum": 19095750,
			"sqr": 572872500,
			"min": 30,
			"max": 30,
			"avg": 30,
			"val": 30,
			"cat": "flush"
		},
		"free": {
			"cnt": 46807159,
			"sum": 46807159,
			"sqr": 46807159,
			"min": 1,
			"max": 1,
			"avg": 1,
			"val": 1,
			"cat": "free"
		},
		"full house": {
			"cnt": 626954,
			"sum": 25078160,
			"sqr": 1003126400,
			"min": 40,
			"max": 40,
			"avg": 40,
			"val": 40,
			"cat": "full house"
		},
		"hands": {
			"cnt": 111786918,
			"sum": 274459050,
			"sqr": 15874961332,
			"min": 0,
			"max": 1000,
			"avg": 2.455198290733805,
			"dev": 11.661170859454629,
			"nul": 87802169,
			"val": 0,
			"cat": "hands"
		},
		"high card": {
			"cnt": 29887883,
			"sum": 0,
			"min": 0,
			"max": 0,
			"avg": 0,
			"nul": 29887883,
			"val": 0,
			"cat": "high card"
		},
		"jokers": {
			"cnt": 11888942,
			"sum": 0,
			"min": 0,
			"max": 0,
			"avg": 0,
			"nul": 11888942,
			"val": 0,
			"cat": "jokers"
		},
		"mult": {
			"cnt": 161618659,
			"sum": 257445795,
			"sqr": 1035429567,
			"min": 1,
			"max": 2000,
			"avg": 1.5929212418474528,
			"dev": 1.9670341543464223,
			"val": 1,
			"cat": "mult"
		},
		"poker": {
			"cnt": 23984749,
			"sum": 274459050,
			"sqr": 15874961332,
			"min": 2,
			"max": 1000,
			"avg": 11.443065341229962,
			"dev": 23.041995860170985,
			"val": 8,
			"cat": "poker"
		},
		"product": {
			"cnt": 31944262,
			"sum": 127771398,
			"sqr": 905755170,
			"min": 2,
			"max": 2000,
			"avg": 3.999823129424621,
			"dev": 3.5150607050166887,
			"val": 5,
			"cat": "product"
		},
		"royal flush": {
			"cnt": 3903,
			"sum": 3903000,
			"sqr": 3903000000,
			"min": 1000,
			"max": 1000,
			"avg": 1000,
			"val": 1000,
			"cat": "royal flush"
		},
		"royals": {
			"cnt": 161618659,
			"sum": 643549626,
			"sqr": 7795342526,
			"min": 1,
			"max": 8000,
			"avg": 3.9819017802888714,
			"dev": 5.69011377472284,
			"val": 3,
			"cat": "royals"
		},
		"straight": {
			"cnt": 2225005,
			"sum": 44500100,
			"sqr": 890002000,
			"min": 20,
			"max": 20,
			"avg": 20,
			"val": 20,
			"cat": "straight"
		},
		"straight flush": {
			"cnt": 28624,
			"sum": 14312000,
			"sqr": 7156000000,
			"min": 500,
			"max": 500,
			"avg": 500,
			"val": 500,
			"cat": "straight flush"
		},
		"summary": {
			"cnt": 1011888942,
			"sum": 964815835,
			"sqr": 23843351453,
			"min": 0,
			"max": 8000,
			"avg": 0.9534799669744785,
			"dev": 4.759630843953832,
			"nul": 789424398,
			"val": 0,
			"cat": "summary"
		},
		"total": {
			"cnt": 222464544,
			"sum": 964815835,
			"sqr": 23843351453,
			"min": 1,
			"max": 8000,
			"avg": 4.33694204771795,
			"dev": 9.400486314509958,
			"val": 3,
			"cat": "total"
		},
		"width": {
			"cnt": 161618659,
			"sum": 33375267,
			"sqr": 36358209,
			"min": 0,
			"max": 7,
			"avg": 0.2065062735114019,
			"dev": 0.4269872374369211,
			"nul": 129674397,
			"val": 0,
			"cat": "width"
		}
	},
	"level": [
		{
			"cnt": 1000000000,
			"sum": 964815835,
			"sqr": 23843351453,
			"min": 0,
			"max": 8000,
			"avg": 0.964815835,
			"dev": 4.786698429766936,
			"nul": 777535456,
			"val": 0
		},
		{
			"cnt": 11888942,
			"sum": 0,
			"min": 0,
			"max": 0,
			"avg": 0,
			"nul": 11888942,
			"val": 0
		}
	],
	"pick": [
		[
			424238599,
			10105140,
			10100114,
			10101708,
			10105300,
			10097990,
			10101111,
			10100703,
			10102680,
			10104965,
			10102572,
			10103746,
			10100331,
			10093156,
			10103240,
			10100628,
			10101742,
			10104724,
			10093722,
			10100542,
			10103760,
			10099363,
			10105017,
			10103789,
			10090980,
			10097998,
			10093194,
			10102110,
			10101952,
			10102815,
			10102716,
			10096099,
			10103801,
			10100494,
			10101123,
			10099913,
			10102823,
			10102372,
			10105302,
			10102556,
			10104596,
			10100800,
			10105061,
			10099834,
			10102141,
			10097512,
			10102261,
			10101478,
			10098026,
			10097003,
			10104542,
			10099491,
			10095684,
			0,
			0,
			10103894,
			10100000,
			10104284,
			10100585,
			10101918,
			0,
			0,
			0,
			0,
			0
		],
		[
			0,
			0,
			0,
			0,
			0,
			0,
			0,
			0,
			0,
			0,
			0,
			0,
			0,
			0,
			0,
			0,
			0,
			0,
			0,
			0,
			0,
			0,
			0,
			0,
			0,
			0,
			0,
			0,
			0,
			0,
			0,
			0,
			0,
			0,
			0,
			0,
			0,
			0,
			0,
			0,
			0,
			0,
			0,
			0,
			0,
			0,
			0,
			0,
			0,
			0,
			0,
			0,
			0,
			0,
			0,
			2375598,
			2379667,
			2378697,
			2375898,
			2379082,
			0,
			0,
			0,
			0,
			0
		]
	],
	"wild": [
		52163256,
		9363,
		213507,
		416503,
		668051,
		9604,
		214195,
		418794,
		720016,
		9701,
		215591,
		420054,
		774073,
		9958,
		216995,
		425125,
		825745,
		9991,
		218044,
		427106,
		828956,
		10063,
		219950,
		500793,
		1049274,
		9965,
		220879,
		626310,
		1419405,
		10080,
		221187,
		809039,
		1966883,
		10066,
		223143,
		1065541,
		2784008,
		11347,
		225819,
		1411203,
		3760614,
		18451,
		233553,
		1854948,
		5037715,
		40321,
		256335,
		2425137,
		6652132,
		98627,
		316403,
		3104209,
		8518484
	],
	"meta": {
		"level": 0,
		"virtue": [
			{},
			{},
			{},
			{},
			{}
		],
		"poker": [
			46,
			16,
			24,
			28
		],
		"collect": 8
	}
}