{
	"seed": -1614240154942557331,
	"deals": 1009688134,
	"games": 1000000000,
	"bet": 1000000000,
	"win": 968065511,
	"category": {
		"A": {
			"cnt": 40821872,
			"sum": 369454336,
			"sqr": 223189541824,
			"min": 4,
			"max": 400000,
			"avg": 9.050401608235898,
			"dev": 73.38590588426864,
			"val": 4,
			"cat": "A"
		},
		"J": {
			"cnt": 40795719,
			"sum": 92359996,
			"sqr": 4065272418,
			"min": 1,
			"max": 16000,
			"avg": 2.2639629417978884,
			"dev": 9.722343211383752,
			"val": 1,
			"cat": "J"
		},
		"K": {
			"cnt": 40827370,
			"sum": 276745221,
			"sqr": 40529965797,
			"min": 3,
			"max": 75000,
			"avg": 6.778423910234728,
			"dev": 30.769604112370683,
			"val": 3,
			"cat": "K"
		},
		"Q": {
			"cnt": 40829981,
			"sum": 184669732,
			"sqr": 17115870056,
			"min": 2,
			"max": 50000,
			"avg": 4.522895369459026,
			"dev": 19.968525169916035,
			"val": 2,
			"cat": "Q"
		},
		"bet": {
			"cnt": 1000000000,
			"sum": 1000000000,
			"sqr": 1000000000,
			"min": 1,
			"max": 1,
			"avg": 1,
			"val": 1,
			"cat": "bet"
		},
		"free": {
			"cnt": 44836226,
			"sum": 44836226,
			"sqr": 44836226,
			"min": 1,
			"max": 1,
			"avg": 1,
			"val": 1,
			"cat": "free"
		},
		"jokers": {
			"cnt": 9688134,
			"sum": 0,
			"min": 0,
			"max": 0,
			"avg": 0,
			"nul": 9688134,
			"val": 0,
			"cat": "jokers"
		},
		"mult": {
			"cnt": 163274942,
			"sum": 369306853,
			"sqr": 26796915829,
			"min": 1,
			"max": 100000,
			"avg": 2.261870979565254,
			"dev": 12.609732856768522,
			"val": 1,
			"cat": "mult"
		},
		"product": {
			"cnt": 39301747,
			"sum": 245333658,
			"sqr": 26672942634,
			"min": 2,
			"max": 100000,
			"avg": 6.242309228645739,
			"dev": 25.2923750758763,
			"val": 10,
			"cat": "product"
		},
		"royals": {
			"cnt": 163274942,
			"sum": 923229285,
			"sqr": 284900650095,
			"min": 1,
			"max": 400000,
			"avg": 5.654445646656546,
			"dev": 41.38768828894034,
			"val": 4,
			"cat": "royals"
		},
		"summary": {
			"cnt": 1009688134,
			"sum": 968065511,
			"sqr": 284982072315,
			"min": 0,
			"max": 400000,
			"avg": 0.9587767533375806,
			"dev": 16.77284611188048,
			"nul": 808894337,
			"val": 1,
			"cat": "summary"
		},
		"total": {
			"cnt": 200793797,
			"sum": 968065511,
			"sqr": 284982072315,
			"min": 1,
			"max": 400000,
			"avg": 4.821192315019572,
			"dev": 37.36353002642645,
			"val": 1,
			"cat": "total"
		},
		"width": {
			"cnt": 163274942,
			"sum": 41574238,
			"sqr": 46367180,
			"min": 0,
			"max": 7,
			"avg": 0.25462717971750987,
			"dev": 0.4681316228259512,
			"nul": 123973195,
			"val": 0,
			"cat": "width"
		}
	},
	"level": [
		{
			"cnt": 1000000000,
			"sum": 968065511,
			"sqr": 284982072315,
			"min": 0,
			"max": 400000,
			"avg": 0.968065511,
			"dev": 16.853632293408218,
			"nul": 799206203,
			"val": 1
		},
		{
			"cnt": 9688134,
			"sum": 0,
			"min": 0,
			"max": 0,
			"avg": 0,
			"nul": 9688134,
			"val": 0
		}
	],
	"pick": [
		[
			408159795,
			10203367,
			10208855,
			10202525,
			10202684,
			10206274,
			10203800,
			10206430,
			10205229,
			10205373,
			10200522,
			10200907,
			10196834,
			10206416,
			10202965,
			10206319,
			10200578,
			10204818,
			10203995,
			10201226,
			10206759,
			10207794,
			10201508,
			10204386,
			10200681,
			10200845,
			10206996,
			10204230,
			10203250,
			10202790,
			10203592,
			10201342,
			10199936,
			10207032,
			10205168,
			10203596,
			10203898,
			10201883,
			10197081,
			10199633,
			10197122,
			10205773,
			10207365,
			10212507,
			10204336,
			10206645,
			10206117,
			10211579,
			10203029,
			10205669,
			10204890,
			10206909,
			10204404,
			0,
			0,
			10208299,
			10205238,
			10201958,
			10204596,
			10205921,
			0,
			0,
			0,
			0,
			0,
			10206331
		],
		[
			0,
			0,
			0,
			0,
			0,
			0,
			0,
			0,
			0,
			0,
			0,
			0,
			0,
			0,
			0,
			0,
			0,
			0,
			0,
			0,
			0,
			0,
			0,
			0,
			0,
			0,
			0,
			0,
			0,
			0,
			0,
			0,
			0,
			0,
			0,
			0,
			0,
			0,
			0,
			0,
			0,
			0,
			0,
			0,
			0,
			0,
			0,
			0,
			0,
			0,
			0,
			0,
			0,
			0,
			0,
			1936937,
			1934845,
			1938995,
			1940325,
			1937032,
			0,
			0,
			0,
			0,
			0,
			0
		]
	],
	"meta": {
		"level": 0,
		"virtue": [
			{},
			{},
			{},
			{},
			{}
		]
	}
}