{
	"seed": 5455722694430194958,
	"deals": 101278532,
	"games": 100000000,
	"bet": 100000000,
	"win": 95659823,
	"category": {
		"1 pair": {
			"cnt": 5754267,
			"sum": 0,
			"min": 0,
			"max": 0,
			"avg": 0,
			"nul": 5754267,
			"val": 0,
			"cat": "1 pair"
		},
		"2 pair": {
			"cnt": 278418,
			"sum": 556836,
			"sqr": 1113672,
			"min": 2,
			"max": 2,
			"avg": 2,
			"val": 2,
			"cat": "2 pair"
		},
		"3 of kind": {
			"cnt": 1713753,
			"sum": 13710024,
			"sqr": 109680192,
			"min": 8,
			"max": 8,
			"avg": 8,
			"val": 8,
			"cat": "3 of kind"
		},
		"4 of kind": {
			"cnt": 50499,
			"sum": 2524950,
			"sqr": 126247500,
			"min": 50,
			"max": 50,
			"avg": 50,
			"val": 50,
			"cat": "4 of kind"
		},
		"A": {
			"cnt": 3997770,
			"sum": 25399132,
			"sqr": 404021744,
			"min": 4,
			"max": 2000,
			"avg": 6.353324978675611,
			"dev": 7.790830485676015,
			"val": 16,
			"cat": "A"
		},
		"J": {
			"cnt": 4000460,
			"sum": 6357095,
			"sqr": 27882977,
			"min": 1,
			"max": 2000,
			"avg": 1.5890910045344786,
			"dev": 2.1082534207007333,
			"val": 1,
			"cat": "J"
		},
		"K": {
			"cnt": 4003164,
			"sum": 19085445,
			"sqr": 228871881,
			"min": 3,
			"max": 2160,
			"avg": 4.767590086241783,
			"dev": 5.868801528165917,
			"val": 3,
			"cat": "K"
		},
		"Q": {
			"cnt": 3997794,
			"sum": 12714038,
			"sqr": 112025452,
			"min": 2,
			"max": 3200,
			"avg": 3.180263415273523,
			"dev": 4.231753967513469,
			"val": 2,
			"cat": "Q"
		},
		"bet": {
			"cnt": 100000000,
			"sum": 100000000,
			"sqr": 100000000,
			"min": 1,
			"max": 1,
			"avg": 1,
			"val": 1,
			"cat": "bet"
		},
		"collect": {
			"cnt": 11080981,
			"sum": 99999995,
			"sqr": 989921009,
			"min": 5,
			"max": 37,
			"avg": 9.024471299066391,
			"dev": 2.8096369124350353,
			"val": 6,
			"cat": "collect"
		},
		"flush": {
			"cnt": 63436,
			"sum": 1903080,
			"sqr": 57092400,
			"min": 30,
			"max": 30,
			"avg": 30,
			"val": 30,
			"cat": "flush"
		},
		"free": {
			"cnt": 4660203,
			"sum": 4660203,
			"sqr": 4660203,
			"min": 1,
			"max": 1,
			"avg": 1,
			"val": 1,
			"cat": "free"
		},
		"full house": {
			"cnt": 62991,
			"sum": 2519640,
			"sqr": 100785600,
			"min": 40,
			"max": 40,
			"avg": 40,
			"val": 40,
			"cat": "full house"
		},
		"hands": {
			"cnt": 11080981,
			"sum": 27443910,
			"sqr": 1523206964,
			"min": 0,
			"max": 1000,
			"avg": 2.4766679051250065,
			"dev": 11.459821039281257,
			"nul": 8684860,
			"val": 0,
			"cat": "hands"
		},
		"high card": {
			"cnt": 2930593,
			"sum": 0,
			"min": 0,
			"max": 0,
			"avg": 0,
			"nul": 2930593,
			"val": 0,
			"cat": "high card"
		},
		"jokers": {
			"cnt": 1278532,
			"sum": 0,
			"min": 0,
			"max": 0,
			"avg": 0,
			"nul": 1278532,
			"val": 0,
			"cat": "jokers"
		},
		"mult": {
			"cnt": 15999188,
			"sum": 25425712,
			"sqr": 106570908,
			"min": 1,
			"max": 2000,
			"avg": 1.589187651273302,
			"dev": 2.0335934711232553,
			"val": 4,
			"cat": "mult"
		},
		"poker": {
			"cnt": 2396121,
			"sum": 27443910,
			"sqr": 1523206964,
			"min": 2,
			"max": 1000,
			"avg": 11.45347417763961,
			"dev": 22.461410082489436,
			"val": 8,
			"cat": "poker"
		},
		"product": {
			"cnt": 3144916,
			"sum": 12571440,
			"sqr": 93716636,
			"min": 2,
			"max": 2000,
			"avg": 3.997384985799303,
			"dev": 3.717569312089094,
			"val": 4,
			"cat": "product"
		},
		"royal flush": {
			"cnt": 325,
			"sum": 325000,
			"sqr": 325000000,
			"min": 1000,
			"max": 1000,
			"avg": 1000,
			"val": 1000,
			"cat": "royal flush"
		},
		"royals": {
			"cnt": 15999188,
			"sum": 63555710,
			"sqr": 772802054,
			"min": 1,
			"max": 3200,
			"avg": 3.972433475998907,
			"dev": 5.702837189477233,
			"val": 16,
			"cat": "royals"
		},
		"straight": {
			"cnt": 223844,
			"sum": 4476880,
			"sqr": 89537600,
			"min": 20,
			"max": 20,
			"avg": 20,
			"val": 20,
			"cat": "straight"
		},
		"straight flush": {
			"cnt": 2855,
			"sum": 1427500,
			"sqr": 713750000,
			"min": 500,
			"max": 500,
			"avg": 500,
			"val": 500,
			"cat": "straight flush"
		},
		"summary": {
			"cnt": 101278532,
			"sum": 95659823,
			"sqr": 2313125111,
			"min": 0,
			"max": 3200,
			"avg": 0.9445222112816564,
			"dev": 4.684775539815431,
			"nul": 79204457,
			"val": 0,
			"cat": "summary"
		},
		"total": {
			"cnt": 22074075,
			"sum": 95659823,
			"sqr": 2313125111,
			"min": 1,
			"max": 3200,
			"avg": 4.3335824037926844,
			"dev": 9.274119040706704,
			"val": 16,
			"cat": "total"
		},
		"width": {
			"cnt": 15999188,
			"sum": 3284933,
			"sqr": 3577013,
			"min": 0,
			"max": 6,
			"avg": 0.2053187324256706,
			"dev": 0.4259329489826489,
			"nul": 12854272,
			"val": 1,
			"cat": "width"
		}
	},
	"level": [
		{
			"cnt": 100000000,
			"sum": 95659823,
			"sqr": 2313125111,
			"min": 0,
			"max": 3200,
			"avg": 0.95659823,
			"dev": 4.713403328420014,
			"nul": 77925925,
			"val": 0
		},
		{
			"cnt": 1278532,
			"sum": 0,
			"min": 0,
			"max": 0,
			"avg": 0,
			"nul": 1278532,
			"val": 0
		}
	],
	"pick": [
		[
			43007826,
			998859,
			998746,
			997990,
			1000732,
			1001485,
			1001596,
			998793,
			999548,
			1000927,
			999612,
			1001471,
			1000122,
			997934,
			1000238,
			1000271,
			999752,
			998330,
			1000729,
			1000280,
			999173,
			999138,
			998695,
			1001246,
			999456,
			999840,
			999276,
			999934,
			1000833,
			1000682,
			1001298,
			998422,
			1000617,
			999622,
			998011,
			1000987,
			1002101,
			999753,
			999018,
			998714,
			1002975,
			999365,
			999262,
			998736,
			1000431,
			1000552,
			1001658,
			1001419,
			999535,
			999845,
			997753,
			1000630,
			999542,
			0,
			0,
			998945,
			999794,
			999157,
			999723,
			998621,
			0,
			0,
			0,
			0,
			0
		],
		[
			0,
			0,
			0,
			0,
			0,
			0,
			0,
			0,
			0,
			0,
			0,
			0,
			0,
			0,
			0,
			0,
			0,
			0,
			0,
			0,
			0,
			0,
			0,
			0,
			0,
			0,
			0,
			0,
			0,
			0,
			0,
			0,
			0,
			0,
			0,
			0,
			0,
			0,
			0,
			0,
			0,
			0,
			0,
			0,
			0,
			0,
			0,
			0,
			0,
			0,
			0,
			0,
			0,
			0,
			0,
			255422,
			255157,
			256601,
			256078,
			255274,
			0,
			0,
			0,
			0,
			0
		]
	],
	"wild": [
		5236075,
		931,
		21392,
		41720,
		67015,
		1047,
		21457,
		42061,
		72526,
		1040,
		21768,
		42089,
		77348,
		1028,
		21585,
		42442,
		82456,
		1046,
		22064,
		42668,
		83100,
		1001,
		22138,
		50354,
		105710,
		1050,
		22327,
		62466,
		142476,
		949,
		22222,
		81592,
		197553,
		1093,
		22631,
		107007,
		279247,
		1168,
		22717,
		141790,
		376975,
		1870,
		23432,
		186839,
		503662,
		3961,
		25735,
		244199,
		669316,
		9864,
		31410,
		311197,
		855341
	],
	"meta": {
		"level": 0,
		"virtue": [
			{},
			{},
			{},
			{},
			{}
		],
		"poker": [
			31,
			51
		],
		"collect": 5
	}
}